date,city,confirmed,recovered,deceased,delta_confirmed,delta_recovered 
26-04-2020,Bagalkote,24,6,1,0,0
26-04-2020,Ballari,13,5,0,0,0
26-04-2020,Belagavi,52,6,1,0,0
26-04-2020,Bengaluru Rural,6,5,0,0,0
26-04-2020,Bengaluru Urban,129,53,5,0,0
26-04-2020,Bidar,14,8,0,0,0
26-04-2020,Chikkaballapura,18,11,2,0,0
26-04-2020,Chitradurga,1,1,0,0,0
26-04-2020,Dakshina Kannada,13,6,2,0,0
26-04-2020,Davanagere,2,2,0,0,0
26-04-2020,Dharwad,9,2,0,0,0
26-04-2020,Gadag,4,0,1,0,0
26-04-2020,Kalaburagi,38,7,4,0,0
26-04-2020,Kodagu,1,1,0,0,0
26-04-2020,Mandya,16,4,0,0,0
26-04-2020,Mysuru,87,36,0,0,0
26-04-2020,Other State,20,15,0,0,0
26-04-2020,Tumakuru,3,1,1,0,0
26-04-2020,Udupi,3,3,0,0,0
26-04-2020,Uttara Kannada,11,10,0,0,0
26-04-2020,Vijayapura,39,0,2,0,0
27-04-2020,Bagalkote,26,6,1,2,0
27-04-2020,Ballari,13,5,0,0,0
27-04-2020,Belagavi,52,6,1,0,0
27-04-2020,Bengaluru Rural,6,5,0,0,0
27-04-2020,Bengaluru Urban,130,53,5,1,0
27-04-2020,Bidar,14,8,0,0,0
27-04-2020,Chikkaballapura,18,11,2,0,0
27-04-2020,Chitradurga,1,1,0,0,0
27-04-2020,Dakshina Kannada,15,6,2,2,0
27-04-2020,Davanagere,2,2,0,0,0
27-04-2020,Dharwad,9,2,0,0,0
27-04-2020,Gadag,4,0,1,0,0
27-04-2020,Kalaburagi,38,7,5,0,0
27-04-2020,Kodagu,1,1,0,0,0
27-04-2020,Mandya,18,4,0,2,0
27-04-2020,Mysuru,87,41,0,0,5
27-04-2020,Other State,20,15,0,0,0
27-04-2020,Tumakuru,3,1,1,0,0
27-04-2020,Udupi,3,3,0,0,0
27-04-2020,Uttara Kannada,11,10,0,0,0
27-04-2020,Vijayapura,41,6,2,2,6
28-04-2020,Bagalkote,29,6,1,3,0
28-04-2020,Ballari,13,5,0,0,0
28-04-2020,Belagavi,52,6,1,0,0
28-04-2020,Bengaluru Rural,6,6,0,0,1
28-04-2020,Bengaluru Urban,131,58,5,1,5
28-04-2020,Bidar,14,8,0,0,0
28-04-2020,Chikkaballapura,18,11,2,0,0
28-04-2020,Chitradurga,1,1,0,0,0
28-04-2020,Dakshina Kannada,15,6,2,0,0
28-04-2020,Davanagere,2,2,0,0,0
28-04-2020,Dharwad,9,2,0,0,0
28-04-2020,Gadag,5,0,1,1,0
28-04-2020,Kalaburagi,44,7,5,6,0
28-04-2020,Kodagu,1,1,0,0,0
28-04-2020,Mandya,18,4,0,0,0
28-04-2020,Mysuru,87,48,0,0,7
28-04-2020,Other State,20,16,0,0,1
28-04-2020,Tumakuru,3,1,1,0,0
28-04-2020,Udupi,3,3,0,0,0
28-04-2020,Uttara Kannada,11,10,0,0,0
28-04-2020,Vijayapura,41,6,2,0,0
29-04-2020,Bagalkote,29,6,1,0,0
29-04-2020,Ballari,13,5,0,0,0
29-04-2020,Belagavi,53,7,1,1,1
29-04-2020,Bengaluru Rural,6,6,0,0,0
29-04-2020,Bengaluru Urban,131,58,5,0,0
29-04-2020,Bidar,14,8,0,0,0
29-04-2020,Chikkaballapura,18,11,2,0,0
29-04-2020,Chitradurga,1,1,0,0,0
29-04-2020,Dakshina Kannada,15,6,2,0,0
29-04-2020,Davanagere,3,2,0,1,0
29-04-2020,Dharwad,9,2,0,0,0
29-04-2020,Gadag,5,0,1,0,0
29-04-2020,Kalaburagi,52,7,5,8,0
29-04-2020,Kodagu,1,1,0,0,0
29-04-2020,Mandya,18,4,0,0,0
29-04-2020,Mysuru,88,56,0,1,8
29-04-2020,Other State,20,16,0,0,0
29-04-2020,Tumakuru,4,1,2,1,0
29-04-2020,Udupi,3,3,0,0,0
29-04-2020,Uttara Kannada,11,10,0,0,0
29-04-2020,Vijayapura,41,6,2,0,0
30-04-2020,Bagalkote,29,6,1,0,0
30-04-2020,Ballari,13,5,0,0,0
30-04-2020,Belagavi,67,7,1,14,0
30-04-2020,Bengaluru Rural,6,6,0,0,0
30-04-2020,Bengaluru Urban,141,61,5,10,3
30-04-2020,Bidar,14,8,0,0,0
30-04-2020,Chikkaballapura,18,11,2,0,0
30-04-2020,Chitradurga,1,1,0,0,0
30-04-2020,Dakshina Kannada,16,6,3,1,0
30-04-2020,Davanagere,4,2,0,1,0
30-04-2020,Dharwad,9,2,0,0,0
30-04-2020,Gadag,5,0,1,0,0
30-04-2020,Kalaburagi,53,8,5,1,1
30-04-2020,Kodagu,1,1,0,0,0
30-04-2020,Mandya,18,4,0,0,0
30-04-2020,Mysuru,88,63,0,0,7
30-04-2020,Other State,20,18,0,0,2
30-04-2020,Tumakuru,5,1,2,1,0
30-04-2020,Udupi,3,3,0,0,0
30-04-2020,Uttara Kannada,11,10,0,0,0
30-04-2020,Vijayapura,43,6,2,2,0
01-05-2020,Bagalkote,29,6,1,0,0
01-05-2020,Ballari,13,7,0,0,2
01-05-2020,Belagavi,70,7,1,3,0
01-05-2020,Bengaluru Rural,6,6,0,0,0
01-05-2020,Bengaluru Urban,141,69,5,0,8
01-05-2020,Bidar,14,8,0,0,0
01-05-2020,Chikkaballapura,19,11,2,1,0
01-05-2020,Chitradurga,1,1,0,0,0
01-05-2020,Dakshina Kannada,18,6,3,2,0
01-05-2020,Davanagere,10,2,0,6,0
01-05-2020,Dharwad,10,2,0,1,0
01-05-2020,Gadag,5,1,1,0,1
01-05-2020,Kalaburagi,55,12,5,2,4
01-05-2020,Kodagu,1,1,0,0,0
01-05-2020,Mandya,26,4,0,8,0
01-05-2020,Mysuru,88,64,0,0,1
01-05-2020,Other State,20,18,0,0,0
01-05-2020,Tumakuru,5,1,2,0,0
01-05-2020,Udupi,3,3,0,0,0
01-05-2020,Uttara Kannada,11,11,0,0,1
01-05-2020,Vijayapura,44,11,2,1,5
02-05-2020,Bagalkote,30,6,1,1,0
02-05-2020,Ballari,13,7,0,0,0
02-05-2020,Belagavi,71,15,1,1,8
02-05-2020,Bengaluru Rural,6,6,0,0,0
02-05-2020,Bengaluru Urban,145,71,6,4,2
02-05-2020,Bidar,15,10,1,1,2
02-05-2020,Chikkaballapura,20,11,2,1,0
02-05-2020,Chitradurga,1,1,0,0,0
02-05-2020,Dakshina Kannada,18,6,3,0,0
02-05-2020,Davanagere,10,2,1,0,0
02-05-2020,Dharwad,10,4,0,0,2
02-05-2020,Gadag,5,1,1,0,0
02-05-2020,Kalaburagi,55,18,5,0,6
02-05-2020,Kodagu,1,1,0,0,0
02-05-2020,Mandya,26,4,0,0,0
02-05-2020,Mysuru,88,64,0,0,0
02-05-2020,Other State,20,18,0,0,0
02-05-2020,Tumakuru,7,1,2,2,0
02-05-2020,Udupi,3,3,0,0,0
02-05-2020,Uttara Kannada,11,11,0,0,0
02-05-2020,Vijayapura,46,11,2,2,0
03-05-2020,Bagalkote,33,10,1,3,4
03-05-2020,Ballari,13,8,0,0,1
03-05-2020,Belagavi,71,15,1,0,0
03-05-2020,Bengaluru Rural,6,6,0,0,0
03-05-2020,Bengaluru Urban,149,72,6,4,1
03-05-2020,Bidar,15,10,1,0,0
03-05-2020,Chikkaballapura,20,12,2,0,1
03-05-2020,Chitradurga,1,1,0,0,0
03-05-2020,Dakshina Kannada,18,6,3,0,0
03-05-2020,Davanagere,10,2,1,0,0
03-05-2020,Dharwad,10,4,0,0,0
03-05-2020,Gadag,5,1,1,0,0
03-05-2020,Kalaburagi,61,18,5,6,0
03-05-2020,Kodagu,1,1,0,0,0
03-05-2020,Mandya,26,4,0,0,0
03-05-2020,Mysuru,88,75,0,0,11
03-05-2020,Other State,20,18,0,0,0
03-05-2020,Tumakuru,7,1,2,0,0
03-05-2020,Udupi,3,3,0,0,0
03-05-2020,Uttara Kannada,11,11,0,0,0
03-05-2020,Vijayapura,46,15,2,0,4
04-05-2020,Bagalkote,33,10,1,0,0
04-05-2020,Ballari,13,8,0,0,0
04-05-2020,Belagavi,71,26,1,0,11
04-05-2020,Bengaluru Rural,6,6,0,0,0
04-05-2020,Bengaluru Urban,150,75,6,1,3
04-05-2020,Bidar,22,10,1,7,0
04-05-2020,Chikkaballapura,21,12,2,1,0
04-05-2020,Chitradurga,1,1,0,0,0
04-05-2020,Dakshina Kannada,18,6,3,0,0
04-05-2020,Davanagere,32,2,2,22,0
04-05-2020,Dharwad,10,6,0,0,2
04-05-2020,Gadag,5,1,1,0,0
04-05-2020,Haveri,1,0,0,1,0
04-05-2020,Kalaburagi,63,21,6,2,3
04-05-2020,Kodagu,1,1,0,0,0
04-05-2020,Mandya,28,7,0,2,3
04-05-2020,Mysuru,88,77,0,0,2
04-05-2020,Other State,20,18,0,0,0
04-05-2020,Tumakuru,7,1,2,0,0
04-05-2020,Udupi,3,3,0,0,0
04-05-2020,Uttara Kannada,11,11,0,0,0
04-05-2020,Vijayapura,47,19,2,1,4
05-05-2020,Bagalkote,35,13,1,2,3
05-05-2020,Ballari,14,8,0,1,0
05-05-2020,Belagavi,71,26,1,0,0
05-05-2020,Bengaluru Rural,6,6,0,0,0
05-05-2020,Bengaluru Urban,153,75,6,3,0
05-05-2020,Bidar,22,10,1,0,0
05-05-2020,Chikkaballapura,21,12,2,0,0
05-05-2020,Chitradurga,1,1,0,0,0
05-05-2020,Dakshina Kannada,19,6,3,1,0
05-05-2020,Davanagere,44,2,3,12,0
05-05-2020,Dharwad,11,6,0,1,0
05-05-2020,Gadag,5,1,1,0,0
05-05-2020,Haveri,2,0,0,1,0
05-05-2020,Kalaburagi,63,22,6,0,1
05-05-2020,Kodagu,1,1,0,0,0
05-05-2020,Mandya,28,7,0,0,0
05-05-2020,Mysuru,88,80,0,0,3
05-05-2020,Other State,20,18,0,0,0
05-05-2020,Tumakuru,7,1,2,0,0
05-05-2020,Udupi,3,3,0,0,0
05-05-2020,Uttara Kannada,12,11,0,1,0
05-05-2020,Vijayapura,47,22,3,0,3
06-05-2020,Bagalkote,48,17,1,13,4
06-05-2020,Ballari,14,8,0,0,0
06-05-2020,Belagavi,71,34,1,0,8
06-05-2020,Bengaluru Rural,6,6,0,0,0
06-05-2020,Bengaluru Urban,155,75,6,2,0
06-05-2020,Bidar,22,10,1,0,0
06-05-2020,Chikkaballapura,21,12,2,0,0
06-05-2020,Chitradurga,1,1,0,0,0
06-05-2020,Dakshina Kannada,22,7,3,3,1
06-05-2020,Davanagere,44,2,3,0,0
06-05-2020,Dharwad,11,6,0,0,0
06-05-2020,Gadag,5,1,1,0,0
06-05-2020,Haveri,2,0,0,0,0
06-05-2020,Kalaburagi,64,27,6,1,5
06-05-2020,Kodagu,1,1,0,0,0
06-05-2020,Mandya,28,11,0,0,4
06-05-2020,Mysuru,88,80,0,0,0
06-05-2020,Other State,20,18,0,0,0
06-05-2020,Tumakuru,7,1,2,0,0
06-05-2020,Udupi,3,3,0,0,0
06-05-2020,Uttara Kannada,12,11,0,0,0
06-05-2020,Vijayapura,48,23,3,1,1
07-05-2020,Bagalkote,51,18,1,3,1
07-05-2020,Ballari,14,9,0,0,1
07-05-2020,Belagavi,72,34,1,1,0
07-05-2020,Bengaluru Rural,6,6,0,0,0
07-05-2020,Bengaluru Urban,156,77,6,1,2
07-05-2020,Bidar,22,13,1,0,3
07-05-2020,Chikkaballapura,21,12,2,0,0
07-05-2020,Chitradurga,1,1,0,0,0
07-05-2020,Dakshina Kannada,22,7,3,0,0
07-05-2020,Davanagere,47,2,4,3,0
07-05-2020,Dharwad,12,6,0,1,0
07-05-2020,Gadag,5,1,1,0,0
07-05-2020,Haveri,2,0,0,0,0
07-05-2020,Kalaburagi,67,29,6,3,2
07-05-2020,Kodagu,1,1,0,0,0
07-05-2020,Mandya,28,11,0,0,0
07-05-2020,Mysuru,88,81,0,0,1
07-05-2020,Other State,20,18,0,0,0
07-05-2020,Tumakuru,7,1,2,0,0
07-05-2020,Udupi,3,3,0,0,0
07-05-2020,Uttara Kannada,12,11,0,0,0
07-05-2020,Vijayapura,48,25,3,0,2
08-05-2020,Bagalkote,51,18,1,0,0
08-05-2020,Ballari,15,11,0,1,2
08-05-2020,Belagavi,83,34,1,11,0
08-05-2020,Bengaluru Rural,6,6,0,0,0
08-05-2020,Bengaluru Urban,163,84,6,7,7
08-05-2020,Bidar,22,13,1,0,0
08-05-2020,Chikkaballapura,21,12,2,0,0
08-05-2020,Chitradurga,4,1,0,3,0
08-05-2020,Dakshina Kannada,22,7,3,0,0
08-05-2020,Davanagere,61,2,4,14,0
08-05-2020,Dharwad,12,7,0,0,1
08-05-2020,Gadag,5,1,1,0,0
08-05-2020,Haveri,2,0,0,0,0
08-05-2020,Kalaburagi,67,29,6,0,0
08-05-2020,Kodagu,1,1,0,0,0
08-05-2020,Mandya,28,11,0,0,0
08-05-2020,Mysuru,88,81,0,0,0
08-05-2020,Other State,20,18,0,0,0
08-05-2020,Tumakuru,7,1,2,0,0
08-05-2020,Udupi,3,3,0,0,0
08-05-2020,Uttara Kannada,24,11,0,12,0
08-05-2020,Vijayapura,48,25,3,0,0
09-05-2020,Bagalkote,51,18,1,0,0
09-05-2020,Ballari,15,11,0,0,0
09-05-2020,Belagavi,83,34,1,0,0
09-05-2020,Bengaluru Rural,6,6,0,0,0
09-05-2020,Bengaluru Urban,175,86,6,12,2
09-05-2020,Bidar,25,13,1,3,0
09-05-2020,Chikkaballapura,22,12,2,1,0
09-05-2020,Chitradurga,7,1,0,3,0
09-05-2020,Dakshina Kannada,25,7,3,3,0
09-05-2020,Davanagere,67,2,4,6,0
09-05-2020,Dharwad,12,7,0,0,0
09-05-2020,Gadag,5,1,1,0,0
09-05-2020,Haveri,2,0,0,0,0
09-05-2020,Kalaburagi,67,31,6,0,2
09-05-2020,Kodagu,1,1,0,0,0
09-05-2020,Mandya,28,14,0,0,3
09-05-2020,Mysuru,88,83,0,0,2
09-05-2020,Other State,20,18,0,0,0
09-05-2020,Tumakuru,11,2,2,4,1
09-05-2020,Udupi,3,3,0,0,0
09-05-2020,Uttara Kannada,32,11,0,8,0
09-05-2020,Vijayapura,49,25,3,1,0
10-05-2020,Bagalkote,51,21,1,0,3
10-05-2020,Ballari,15,11,0,0,0
10-05-2020,Belagavi,113,37,1,30,3
10-05-2020,Bengaluru Rural,6,6,0,0,0
10-05-2020,Bengaluru Urban,177,86,7,2,0
10-05-2020,Bidar,25,13,1,0,0
10-05-2020,Chikkaballapura,23,16,2,1,4
10-05-2020,Chitradurga,7,1,0,0,0
10-05-2020,Dakshina Kannada,25,7,3,0,0
10-05-2020,Davanagere,68,2,4,1,0
10-05-2020,Dharwad,12,7,0,0,0
10-05-2020,Gadag,5,4,1,0,3
10-05-2020,Haveri,2,0,0,0,0
10-05-2020,Kalaburagi,71,44,6,4,13
10-05-2020,Kodagu,1,1,0,0,0
10-05-2020,Mandya,28,14,0,0,0
10-05-2020,Mysuru,88,84,0,0,1
10-05-2020,Other State,21,19,0,1,1
10-05-2020,Shivamogga,8,0,0,8,0
10-05-2020,Tumakuru,11,2,2,0,0
10-05-2020,Udupi,3,3,0,0,0
10-05-2020,Uttara Kannada,39,11,0,7,0
10-05-2020,Vijayapura,49,33,3,0,8
11-05-2020,Bagalkote,53,21,1,2,0
11-05-2020,Ballari,15,11,0,0,0
11-05-2020,Belagavi,113,36,1,0,-1
11-05-2020,Bengaluru Rural,6,6,0,0,0
11-05-2020,Bengaluru Urban,178,91,7,1,5
11-05-2020,Bidar,27,13,1,2,0
11-05-2020,Chikkaballapura,23,16,2,0,0
11-05-2020,Chitradurga,7,1,0,0,0
11-05-2020,Dakshina Kannada,25,7,3,0,0
11-05-2020,Davanagere,71,2,4,3,0
11-05-2020,Dharwad,12,7,0,0,0
11-05-2020,Gadag,5,4,1,0,0
11-05-2020,Haveri,3,0,0,1,0
11-05-2020,Kalaburagi,72,44,6,1,0
11-05-2020,Kodagu,1,1,0,0,0
11-05-2020,Mandya,30,14,0,2,0
11-05-2020,Mysuru,88,84,0,0,0
11-05-2020,Other State,22,19,0,1,0
11-05-2020,Shivamogga,8,0,0,0,0
11-05-2020,Tumakuru,11,2,2,0,0
11-05-2020,Udupi,3,3,0,0,0
11-05-2020,Uttara Kannada,39,11,0,0,0
11-05-2020,Vijayapura,50,33,3,1,0
12-05-2020,Bagalkote,68,27,1,15,6
12-05-2020,Ballari,16,11,0,1,0
12-05-2020,Belagavi,113,36,1,0,0
12-05-2020,Bengaluru Rural,6,6,0,0,0
12-05-2020,Bengaluru Urban,182,91,7,4,0
12-05-2020,Bidar,29,13,1,2,0
12-05-2020,Chikkaballapura,24,16,2,1,0
12-05-2020,Chitradurga,7,1,0,0,0
12-05-2020,Dakshina Kannada,27,7,3,2,0
12-05-2020,Davanagere,83,2,4,12,0
12-05-2020,Dharwad,21,7,0,9,0
12-05-2020,Gadag,8,4,1,3,0
12-05-2020,Hassan,5,0,0,5,0
12-05-2020,Haveri,3,0,0,0,0
12-05-2020,Kalaburagi,73,44,6,1,0
12-05-2020,Kodagu,1,1,0,0,0
12-05-2020,Kolar,5,0,0,5,0
12-05-2020,Mandya,31,14,0,1,0
12-05-2020,Mysuru,88,84,0,0,0
12-05-2020,Other State,22,19,0,0,0
12-05-2020,Shivamogga,8,0,0,0,0
12-05-2020,Tumakuru,11,2,2,0,0
12-05-2020,Udupi,3,3,0,0,0
12-05-2020,Uttara Kannada,39,11,0,0,0
12-05-2020,Vijayapura,50,34,3,0,1
12-05-2020,Yadgir,2,0,0,2,0
13-05-2020,Bagalkote,68,27,1,0,0
13-05-2020,Ballari,17,12,0,1,1
13-05-2020,Belagavi,113,41,1,0,5
13-05-2020,Bengaluru Rural,6,6,0,0,0
13-05-2020,Bengaluru Urban,184,95,7,2,4
13-05-2020,Bidar,41,14,1,12,1
13-05-2020,Chikkaballapura,24,16,2,0,0
13-05-2020,Chitradurga,7,1,0,0,0
13-05-2020,Dakshina Kannada,28,8,4,1,1
13-05-2020,Davanagere,85,2,4,2,0
13-05-2020,Dharwad,21,7,0,0,0
13-05-2020,Gadag,8,4,1,0,0
13-05-2020,Hassan,9,0,0,4,0
13-05-2020,Haveri,3,0,0,0,0
13-05-2020,Kalaburagi,81,44,7,8,0
13-05-2020,Kodagu,1,1,0,0,0
13-05-2020,Kolar,5,0,0,0,0
13-05-2020,Mandya,31,19,0,0,5
13-05-2020,Mysuru,88,84,0,0,0
13-05-2020,Other State,22,19,0,0,0
13-05-2020,Shivamogga,8,0,0,0,0
13-05-2020,Tumakuru,11,2,2,0,0
13-05-2020,Udupi,3,3,0,0,0
13-05-2020,Uttara Kannada,41,11,0,2,0
13-05-2020,Vijayapura,52,35,3,2,1
13-05-2020,Yadgir,2,0,0,0,0
14-05-2020,Bagalkote,69,27,1,1,0
14-05-2020,Ballari,17,12,0,0,0
14-05-2020,Belagavi,114,41,1,1,0
14-05-2020,Bengaluru Rural,6,6,0,0,0
14-05-2020,Bengaluru Urban,189,97,7,5,2
14-05-2020,Bidar,48,14,1,7,0
14-05-2020,Chikkaballapura,24,16,2,0,0
14-05-2020,Chitradurga,7,1,0,0,0
14-05-2020,Dakshina Kannada,28,10,5,0,2
14-05-2020,Davanagere,88,2,4,3,0
14-05-2020,Dharwad,21,7,0,0,0
14-05-2020,Gadag,12,4,1,4,0
14-05-2020,Hassan,9,0,0,0,0
14-05-2020,Haveri,3,0,0,0,0
14-05-2020,Kalaburagi,83,46,7,2,2
14-05-2020,Kodagu,1,1,0,0,0
14-05-2020,Kolar,5,0,0,0,0
14-05-2020,Mandya,36,19,0,5,0
14-05-2020,Mysuru,88,86,0,0,2
14-05-2020,Other State,22,19,1,0,0
14-05-2020,Shivamogga,8,0,0,0,0
14-05-2020,Tumakuru,11,2,2,0,0
14-05-2020,Udupi,3,3,0,0,0
14-05-2020,Uttara Kannada,41,11,0,0,0
14-05-2020,Vijayapura,52,36,3,0,1
14-05-2020,Yadgir,2,0,0,0,0
15-05-2020,Bagalkote,70,27,1,1,0
15-05-2020,Ballari,17,13,0,0,1
15-05-2020,Belagavi,114,54,1,0,13
15-05-2020,Bengaluru Rural,6,6,0,0,0
15-05-2020,Bengaluru Urban,202,101,7,13,4
15-05-2020,Bidar,55,14,2,7,0
15-05-2020,Chikkaballapura,24,16,2,0,0
15-05-2020,Chitradurga,9,1,0,2,0
15-05-2020,Dakshina Kannada,44,10,5,16,0
15-05-2020,Davanagere,88,2,4,0,0
15-05-2020,Dharwad,21,7,0,0,0
15-05-2020,Gadag,12,4,1,0,0
15-05-2020,Hassan,16,0,0,7,0
15-05-2020,Haveri,3,0,0,0,0
15-05-2020,Kalaburagi,86,46,7,3,0
15-05-2020,Kodagu,1,1,0,0,0
15-05-2020,Kolar,6,0,0,1,0
15-05-2020,Mandya,49,19,0,13,0
15-05-2020,Mysuru,88,88,0,0,2
15-05-2020,Other State,22,19,1,0,0
15-05-2020,Shivamogga,9,0,0,1,0
15-05-2020,Tumakuru,11,2,2,0,0
15-05-2020,Udupi,8,3,0,5,0
15-05-2020,Uttara Kannada,41,11,0,0,0
15-05-2020,Vijayapura,52,36,3,0,0
15-05-2020,Yadgir,2,0,0,0,0
16-05-2020,Bagalkote,71,27,1,1,0
16-05-2020,Ballari,18,13,0,1,0
16-05-2020,Belagavi,114,54,1,0,0
16-05-2020,Bengaluru Rural,6,6,0,0,0
16-05-2020,Bengaluru Urban,216,115,7,14,14
16-05-2020,Bidar,55,14,2,0,0
16-05-2020,Chikkaballapura,24,16,2,0,0
16-05-2020,Chitradurga,9,1,0,0,0
16-05-2020,Dakshina Kannada,44,10,5,0,0
16-05-2020,Davanagere,89,2,4,1,0
16-05-2020,Dharwad,22,7,0,1,0
16-05-2020,Gadag,12,4,1,0,0
16-05-2020,Hassan,20,0,0,4,0
16-05-2020,Haveri,3,0,0,0,0
16-05-2020,Kalaburagi,94,47,7,8,1
16-05-2020,Kodagu,1,1,0,0,0
16-05-2020,Kolar,6,0,0,0,0
16-05-2020,Mandya,50,19,0,1,0
16-05-2020,Mysuru,88,88,0,0,0
16-05-2020,Other State,22,19,1,0,0
16-05-2020,Shivamogga,12,0,0,3,0
16-05-2020,Tumakuru,11,2,2,0,0
16-05-2020,Udupi,9,3,0,1,0
16-05-2020,Uttara Kannada,41,11,0,0,0
16-05-2020,Vijayapura,53,37,3,1,1
16-05-2020,Yadgir,2,0,0,0,0
17-05-2020,Bagalkote,71,27,1,0,0
17-05-2020,Ballari,18,13,0,0,0
17-05-2020,Belagavi,114,54,1,0,0
17-05-2020,Bengaluru Rural,6,6,0,0,0
17-05-2020,Bengaluru Urban,216,122,7,0,7
17-05-2020,Bidar,55,14,2,0,0
17-05-2020,Chikkaballapura,24,17,2,0,1
17-05-2020,Chitradurga,9,1,0,0,0
17-05-2020,Dakshina Kannada,46,10,5,2,0
17-05-2020,Davanagere,89,2,4,0,0
17-05-2020,Dharwad,26,7,0,4,0
17-05-2020,Gadag,12,4,1,0,0
17-05-2020,Hassan,26,0,0,6,0
17-05-2020,Haveri,3,0,0,0,0
17-05-2020,Kalaburagi,104,51,7,10,4
17-05-2020,Kodagu,1,1,0,0,0
17-05-2020,Kolar,9,0,0,3,0
17-05-2020,Mandya,72,19,0,22,0
17-05-2020,Mysuru,88,88,0,0,0
17-05-2020,Other State,22,19,1,0,0
17-05-2020,Shivamogga,14,0,0,2,0
17-05-2020,Tumakuru,11,3,2,0,1
17-05-2020,Udupi,10,3,1,1,0
17-05-2020,Uttara Kannada,42,11,0,1,0
17-05-2020,Vijayapura,54,37,3,1,0
17-05-2020,Yadgir,5,0,0,3,0
18-05-2020,Bagalkote,71,39,1,0,12
18-05-2020,Ballari,19,13,0,1,0
18-05-2020,Belagavi,116,54,1,2,0
18-05-2020,Bengaluru Rural,6,6,0,0,0
18-05-2020,Bengaluru Urban,240,122,7,24,0
18-05-2020,Bidar,56,14,2,1,0
18-05-2020,Chikkaballapura,24,18,2,0,1
18-05-2020,Chitradurga,9,1,0,0,0
18-05-2020,Dakshina Kannada,48,11,5,2,1
18-05-2020,Davanagere,90,2,4,1,0
18-05-2020,Dharwad,26,7,0,0,0
18-05-2020,Gadag,17,4,1,5,0
18-05-2020,Hassan,30,0,0,4,0
18-05-2020,Haveri,3,0,0,0,0
18-05-2020,Kalaburagi,115,53,7,11,2
18-05-2020,Kodagu,2,1,0,1,0
18-05-2020,Kolar,9,0,0,0,0
18-05-2020,Koppal,3,0,0,3,0
18-05-2020,Mandya,89,21,0,17,2
18-05-2020,Mysuru,89,88,0,1,0
18-05-2020,Other State,22,20,1,0,1
18-05-2020,Raichur,6,0,0,6,0
18-05-2020,Shivamogga,14,0,0,0,0
18-05-2020,Tumakuru,11,5,2,0,2
18-05-2020,Udupi,11,3,1,1,0
18-05-2020,Uttara Kannada,51,11,0,9,0
18-05-2020,Vijayapura,59,37,3,5,0
18-05-2020,Yadgir,10,0,0,5,0
19-05-2020,Bagalkote,76,39,1,5,0
19-05-2020,Ballari,19,13,1,0,0
19-05-2020,Belagavi,116,56,1,0,2
19-05-2020,Bengaluru Rural,6,6,0,0,0
19-05-2020,Bengaluru Urban,246,123,8,6,1
19-05-2020,Bidar,57,21,2,1,7
19-05-2020,Chikkaballapura,24,18,2,0,0
19-05-2020,Chikkamagaluru,5,0,0,5,0
19-05-2020,Chitradurga,10,1,0,1,0
19-05-2020,Dakshina Kannada,48,11,5,0,0
19-05-2020,Davanagere,110,2,4,20,0
19-05-2020,Dharwad,26,7,0,0,0
19-05-2020,Gadag,18,4,1,1,0
19-05-2020,Hassan,33,0,0,3,0
19-05-2020,Haveri,3,0,0,0,0
19-05-2020,Kalaburagi,128,55,7,13,2
19-05-2020,Kodagu,2,1,0,0,0
19-05-2020,Kolar,9,0,0,0,0
19-05-2020,Koppal,3,0,0,0,0
19-05-2020,Mandya,160,21,0,71,0
19-05-2020,Mysuru,89,88,0,0,0
19-05-2020,Other State,22,20,1,0,0
19-05-2020,Raichur,7,0,0,1,0
19-05-2020,Shivamogga,26,0,0,12,0
19-05-2020,Tumakuru,11,5,2,0,0
19-05-2020,Udupi,15,3,1,4,0
19-05-2020,Uttara Kannada,55,12,0,4,1
19-05-2020,Vijayapura,60,37,4,1,0
19-05-2020,Yadgir,11,0,0,1,0
20-05-2020,Bagalkote,76,39,1,0,0
20-05-2020,Ballari,19,13,1,0,0
20-05-2020,Belagavi,116,56,1,0,0
20-05-2020,Bengaluru Rural,6,6,0,0,0
20-05-2020,Bengaluru Urban,250,124,9,4,1
20-05-2020,Bidar,67,21,2,10,0
20-05-2020,Chikkaballapura,24,18,2,0,0
20-05-2020,Chikkamagaluru,5,0,0,0,0
20-05-2020,Chitradurga,10,1,0,0,0
20-05-2020,Dakshina Kannada,49,11,5,1,0
20-05-2020,Davanagere,110,9,4,0,7
20-05-2020,Dharwad,26,9,0,0,2
20-05-2020,Gadag,18,4,1,0,0
20-05-2020,Hassan,54,0,0,21,0
20-05-2020,Haveri,3,0,0,0,0
20-05-2020,Kalaburagi,135,55,7,7,0
20-05-2020,Kodagu,2,1,0,0,0
20-05-2020,Kolar,9,0,0,0,0
20-05-2020,Koppal,3,0,0,0,0
20-05-2020,Mandya,168,24,0,8,3
20-05-2020,Mysuru,89,88,0,0,0
20-05-2020,Other State,22,20,1,0,0
20-05-2020,Raichur,11,0,0,4,0
20-05-2020,Shivamogga,26,0,0,0,0
20-05-2020,Tumakuru,15,5,2,4,0
20-05-2020,Udupi,21,3,1,6,0
20-05-2020,Uttara Kannada,56,12,0,1,0
20-05-2020,Vijayapura,60,37,4,0,0
20-05-2020,Yadgir,12,0,0,1,0
21-05-2020,Bagalkote,76,45,1,0,6
21-05-2020,Ballari,30,13,1,11,0
21-05-2020,Belagavi,125,56,1,9,0
21-05-2020,Bengaluru Rural,6,6,0,0,0
21-05-2020,Bengaluru Urban,258,124,9,8,0
21-05-2020,Bidar,67,21,2,0,0
21-05-2020,Chikkaballapura,26,18,2,2,0
21-05-2020,Chikkamagaluru,5,0,0,0,0
21-05-2020,Chitradurga,10,1,0,0,0
21-05-2020,Dakshina Kannada,55,14,5,6,3
21-05-2020,Davanagere,113,14,4,3,5
21-05-2020,Dharwad,31,9,0,5,0
21-05-2020,Gadag,20,4,1,2,0
21-05-2020,Hassan,67,0,0,13,0
21-05-2020,Haveri,3,0,0,0,0
21-05-2020,Kalaburagi,135,55,7,0,0
21-05-2020,Kodagu,2,1,0,0,0
21-05-2020,Kolar,11,0,0,2,0
21-05-2020,Koppal,3,0,0,0,0
21-05-2020,Mandya,201,25,0,33,1
21-05-2020,Mysuru,90,88,0,1,0
21-05-2020,Other State,22,20,1,0,0
21-05-2020,Raichur,16,0,0,5,0
21-05-2020,Shivamogga,32,0,0,6,0
21-05-2020,Tumakuru,16,5,2,1,0
21-05-2020,Udupi,47,3,1,26,0
21-05-2020,Uttara Kannada,65,12,0,9,0
21-05-2020,Vijayapura,61,37,4,1,0
21-05-2020,Yadgir,12,0,0,0,0
22-05-2020,Bagalkote,77,47,1,1,2
22-05-2020,Ballari,30,13,1,0,0
22-05-2020,Belagavi,126,57,1,1,1
22-05-2020,Bengaluru Rural,11,6,0,5,0
22-05-2020,Bengaluru Urban,263,130,9,5,6
22-05-2020,Bidar,76,21,2,9,0
22-05-2020,Chikkaballapura,73,18,2,47,0
22-05-2020,Chikkamagaluru,10,0,0,5,0
22-05-2020,Chitradurga,11,1,0,1,0
22-05-2020,Dakshina Kannada,56,15,5,1,1
22-05-2020,Davanagere,116,21,4,3,7
22-05-2020,Dharwad,33,9,0,2,0
22-05-2020,Gadag,20,4,1,0,0
22-05-2020,Hassan,81,0,0,14,0
22-05-2020,Haveri,6,0,0,3,0
22-05-2020,Kalaburagi,135,60,7,0,5
22-05-2020,Kodagu,2,1,0,0,0
22-05-2020,Kolar,11,0,0,0,0
22-05-2020,Koppal,3,0,0,0,0
22-05-2020,Mandya,209,25,0,8,0
22-05-2020,Mysuru,90,88,0,0,0
22-05-2020,Other State,22,20,1,0,0
22-05-2020,Raichur,26,0,0,10,0
22-05-2020,Shivamogga,34,0,0,2,0
22-05-2020,Tumakuru,24,5,2,8,0
22-05-2020,Udupi,50,3,1,3,0
22-05-2020,Uttara Kannada,66,12,0,1,0
22-05-2020,Vijayapura,68,41,4,7,4
22-05-2020,Yadgir,14,0,0,2,0
23-05-2020,Bagalkote,77,47,1,0,0
23-05-2020,Ballari,33,13,1,3,0
23-05-2020,Belagavi,127,57,1,1,0
23-05-2020,Bengaluru Rural,11,6,0,0,0
23-05-2020,Bengaluru Urban,267,130,10,4,0
23-05-2020,Bidar,79,21,2,3,0
23-05-2020,Chikkaballapura,99,18,2,26,0
23-05-2020,Chikkamagaluru,10,0,0,0,0
23-05-2020,Chitradurga,11,1,0,0,0
23-05-2020,Dakshina Kannada,59,15,5,3,0
23-05-2020,Davanagere,119,28,4,3,7
23-05-2020,Dharwad,38,10,0,5,1
23-05-2020,Gadag,35,4,1,15,0
23-05-2020,Hassan,85,0,0,4,0
23-05-2020,Haveri,6,0,0,0,0
23-05-2020,Kalaburagi,136,62,7,1,2
23-05-2020,Kodagu,2,1,0,0,0
23-05-2020,Kolar,14,0,0,3,0
23-05-2020,Koppal,3,0,0,0,0
23-05-2020,Mandya,237,26,0,28,1
23-05-2020,Mysuru,90,88,0,0,0
23-05-2020,Other State,22,20,1,0,0
23-05-2020,Raichur,66,0,0,40,0
23-05-2020,Shivamogga,34,0,0,0,0
23-05-2020,Tumakuru,24,5,2,0,0
23-05-2020,Udupi,53,3,1,3,0
23-05-2020,Uttara Kannada,68,12,0,2,0
23-05-2020,Vijayapura,68,41,4,0,0
23-05-2020,Yadgir,86,0,0,72,0
24-05-2020,Bagalkote,77,50,1,0,3
24-05-2020,Ballari,33,13,1,0,0
24-05-2020,Belagavi,127,57,1,0,0
24-05-2020,Bengaluru Rural,11,6,0,0,0
24-05-2020,Bengaluru Urban,268,130,10,1,0
24-05-2020,Bidar,85,21,2,6,0
24-05-2020,Chikkaballapura,126,18,2,27,0
24-05-2020,Chikkamagaluru,10,0,0,0,0
24-05-2020,Chitradurga,11,5,0,0,4
24-05-2020,Dakshina Kannada,60,15,5,1,0
24-05-2020,Davanagere,123,46,4,4,18
24-05-2020,Dharwad,39,10,0,1,0
24-05-2020,Gadag,35,4,1,0,0
24-05-2020,Hassan,99,0,0,14,0
24-05-2020,Haveri,6,1,0,0,1
24-05-2020,Kalaburagi,142,62,7,6,0
24-05-2020,Kodagu,3,1,0,1,0
24-05-2020,Kolar,14,0,0,0,0
24-05-2020,Koppal,3,0,0,0,0
24-05-2020,Mandya,252,26,0,15,0
24-05-2020,Mysuru,90,88,0,0,0
24-05-2020,Other State,22,20,1,0,0
24-05-2020,Raichur,66,0,0,0,0
24-05-2020,Shivamogga,36,0,0,2,0
24-05-2020,Tumakuru,26,5,2,2,0
24-05-2020,Udupi,76,3,1,23,0
24-05-2020,Uttara Kannada,70,32,0,2,20
24-05-2020,Vijayapura,69,41,4,1,0
24-05-2020,Yadgir,110,0,0,24,0
25-05-2020,Bagalkote,77,53,1,0,3
25-05-2020,Ballari,36,13,1,3,0
25-05-2020,Belagavi,128,66,1,1,9
25-05-2020,Bengaluru Rural,11,6,1,0,0
25-05-2020,Bengaluru Urban,276,149,10,8,19
25-05-2020,Bidar,86,21,2,1,0
25-05-2020,Chikkaballapura,126,18,2,0,0
25-05-2020,Chikkamagaluru,10,0,0,0,0
25-05-2020,Chitradurga,11,5,0,0,0
25-05-2020,Dakshina Kannada,64,15,5,4,0
25-05-2020,Davanagere,123,50,4,0,4
25-05-2020,Dharwad,43,10,0,4,0
25-05-2020,Gadag,35,4,1,0,0
25-05-2020,Hassan,100,0,0,1,0
25-05-2020,Haveri,6,2,0,0,1
25-05-2020,Kalaburagi,158,72,7,16,10
25-05-2020,Kodagu,3,1,0,0,0
25-05-2020,Kolar,16,0,0,2,0
25-05-2020,Koppal,3,0,0,0,0
25-05-2020,Mandya,254,27,0,2,1
25-05-2020,Mysuru,90,88,0,0,0
25-05-2020,Other State,22,20,1,0,0
25-05-2020,Raichur,66,0,0,0,0
25-05-2020,Ramanagara,1,0,0,1,0
25-05-2020,Shivamogga,36,0,0,0,0
25-05-2020,Tumakuru,27,5,2,1,0
25-05-2020,Udupi,108,3,1,32,0
25-05-2020,Uttara Kannada,71,33,0,1,1
25-05-2020,Vijayapura,70,44,4,1,3
25-05-2020,Yadgir,125,0,0,15,0
26-05-2020,Bagalkote,78,62,1,1,9
26-05-2020,Ballari,37,13,1,1,0
26-05-2020,Belagavi,141,89,1,13,23
26-05-2020,Bengaluru Rural,11,6,1,0,0
26-05-2020,Bengaluru Urban,278,149,10,2,0
26-05-2020,Bidar,96,21,2,10,0
26-05-2020,Chikkaballapura,127,19,2,1,1
26-05-2020,Chikkamagaluru,10,0,0,0,0
26-05-2020,Chitradurga,31,5,0,20,0
26-05-2020,Dakshina Kannada,67,15,5,3,0
26-05-2020,Davanagere,134,64,4,11,14
26-05-2020,Dharwad,43,10,0,0,0
26-05-2020,Gadag,35,6,1,0,2
26-05-2020,Hassan,113,0,0,13,0
26-05-2020,Haveri,6,2,0,0,0
26-05-2020,Kalaburagi,158,73,7,0,1
26-05-2020,Kodagu,3,1,0,0,0
26-05-2020,Kolar,18,0,0,2,0
26-05-2020,Koppal,4,0,0,1,0
26-05-2020,Mandya,254,28,0,0,1
26-05-2020,Mysuru,90,88,0,0,0
26-05-2020,Other State,22,21,1,0,1
26-05-2020,Raichur,66,0,0,0,0
26-05-2020,Ramanagara,1,0,0,0,0
26-05-2020,Shivamogga,36,0,0,0,0
26-05-2020,Tumakuru,27,5,2,0,0
26-05-2020,Udupi,111,3,1,3,0
26-05-2020,Uttara Kannada,71,40,0,0,7
26-05-2020,Vijayapura,76,44,4,6,0
26-05-2020,Yadgir,139,0,0,14,0
27-05-2020,Bagalkote,78,62,1,0,0
27-05-2020,Ballari,38,14,1,1,1
27-05-2020,Belagavi,145,89,1,4,0
27-05-2020,Bengaluru Rural,13,6,1,2,0
27-05-2020,Bengaluru Urban,284,151,10,6,2
27-05-2020,Bidar,109,24,3,13,3
27-05-2020,Chikkaballapura,131,19,2,4,0
27-05-2020,Chikkamagaluru,13,1,0,3,1
27-05-2020,Chitradurga,31,5,0,0,0
27-05-2020,Dakshina Kannada,78,15,5,11,0
27-05-2020,Davanagere,140,66,4,6,2
27-05-2020,Dharwad,43,11,0,0,1
27-05-2020,Gadag,35,6,1,0,0
27-05-2020,Hassan,128,0,0,15,0
27-05-2020,Haveri,6,3,0,0,1
27-05-2020,Kalaburagi,186,75,7,28,2
27-05-2020,Kodagu,3,1,0,0,0
27-05-2020,Kolar,19,0,0,1,0
27-05-2020,Koppal,4,0,0,0,0
27-05-2020,Mandya,255,28,0,1,0
27-05-2020,Mysuru,90,88,0,0,0
27-05-2020,Other State,22,21,1,0,0
27-05-2020,Raichur,71,0,0,5,0
27-05-2020,Ramanagara,1,0,0,0,0
27-05-2020,Shivamogga,36,4,0,0,4
27-05-2020,Tumakuru,28,5,2,1,0
27-05-2020,Udupi,120,3,1,9,0
27-05-2020,Uttara Kannada,77,40,0,6,0
27-05-2020,Vijayapura,79,44,5,3,0
27-05-2020,Yadgir,155,0,1,16,0
28-05-2020,Bagalkote,78,63,1,0,1
28-05-2020,Ballari,38,14,1,0,0
28-05-2020,Belagavi,145,92,1,0,3
28-05-2020,Bengaluru Rural,13,6,1,0,0
28-05-2020,Bengaluru Urban,293,151,10,9,0
28-05-2020,Bidar,121,24,3,12,0
28-05-2020,Chikkaballapura,131,19,2,0,0
28-05-2020,Chikkamagaluru,16,1,0,3,0
28-05-2020,Chitradurga,37,5,0,6,0
28-05-2020,Dakshina Kannada,102,27,5,24,12
28-05-2020,Davanagere,140,79,4,0,13
28-05-2020,Dharwad,43,11,0,0,0
28-05-2020,Gadag,35,11,1,0,5
28-05-2020,Hassan,141,0,0,13,0
28-05-2020,Haveri,10,3,0,4,0
28-05-2020,Kalaburagi,191,75,7,5,0
28-05-2020,Kodagu,3,1,0,0,0
28-05-2020,Kolar,19,0,0,0,0
28-05-2020,Koppal,4,0,0,0,0
28-05-2020,Mandya,255,28,0,0,0
28-05-2020,Mysuru,90,89,0,0,1
28-05-2020,Other State,22,21,1,0,0
28-05-2020,Raichur,72,0,0,1,0
28-05-2020,Ramanagara,1,0,0,0,0
28-05-2020,Shivamogga,36,4,0,0,0
28-05-2020,Tumakuru,28,5,2,0,0
28-05-2020,Udupi,149,3,1,29,0
28-05-2020,Uttara Kannada,77,40,0,0,0
28-05-2020,Vijayapura,81,53,5,2,9
28-05-2020,Yadgir,162,9,1,7,9
29-05-2020,Bagalkote,78,63,1,0,0
29-05-2020,Ballari,47,14,1,9,0
29-05-2020,Belagavi,145,92,1,0,0
29-05-2020,Bengaluru Rural,14,6,1,1,0
29-05-2020,Bengaluru Urban,305,151,10,12,0
29-05-2020,Bidar,121,24,3,0,0
29-05-2020,Chikkaballapura,136,19,2,5,0
29-05-2020,Chikkamagaluru,18,2,0,2,1
29-05-2020,Chitradurga,38,5,0,1,0
29-05-2020,Dakshina Kannada,102,27,5,0,0
29-05-2020,Davanagere,144,84,4,4,5
29-05-2020,Dharwad,44,11,0,1,0
29-05-2020,Gadag,35,11,1,0,0
29-05-2020,Hassan,145,30,0,4,30
29-05-2020,Haveri,10,3,0,0,0
29-05-2020,Kalaburagi,252,85,7,61,10
29-05-2020,Kodagu,3,1,0,0,0
29-05-2020,Kolar,19,0,0,0,0
29-05-2020,Koppal,4,0,0,0,0
29-05-2020,Mandya,257,33,0,2,5
29-05-2020,Mysuru,92,89,0,2,0
29-05-2020,Other State,22,21,1,0,0
29-05-2020,Raichur,134,0,0,62,0
29-05-2020,Ramanagara,1,0,0,0,0
29-05-2020,Shivamogga,37,7,0,1,3
29-05-2020,Tumakuru,30,6,2,2,1
29-05-2020,Udupi,164,5,1,15,2
29-05-2020,Uttara Kannada,77,43,0,0,3
29-05-2020,Vijayapura,85,53,5,4,0
29-05-2020,Yadgir,222,9,1,60,0
30-05-2020,Bagalkote,78,66,1,0,3
30-05-2020,Ballari,47,14,1,0,0
30-05-2020,Belagavi,146,92,1,1,0
30-05-2020,Bengaluru Rural,15,6,1,1,0
30-05-2020,Bengaluru Urban,338,172,10,33,21
30-05-2020,Bidar,131,27,4,10,3
30-05-2020,Chikkaballapura,136,20,2,0,1
30-05-2020,Chikkamagaluru,18,2,0,0,0
30-05-2020,Chitradurga,39,5,0,1,0
30-05-2020,Dakshina Kannada,116,29,5,14,2
30-05-2020,Davanagere,148,104,4,4,20
30-05-2020,Dharwad,46,11,0,2,0
30-05-2020,Gadag,35,12,1,0,1
30-05-2020,Hassan,158,30,0,13,0
30-05-2020,Haveri,14,3,0,4,0
30-05-2020,Kalaburagi,254,128,7,2,43
30-05-2020,Kodagu,3,1,0,0,0
30-05-2020,Kolar,22,5,0,3,5
30-05-2020,Koppal,4,0,0,0,0
30-05-2020,Mandya,257,33,0,0,0
30-05-2020,Mysuru,94,89,0,2,0
30-05-2020,Other State,22,21,1,0,0
30-05-2020,Raichur,134,2,0,0,2
30-05-2020,Ramanagara,1,0,0,0,0
30-05-2020,Shivamogga,43,7,0,6,0
30-05-2020,Tumakuru,31,6,2,1,0
30-05-2020,Udupi,177,6,1,13,1
30-05-2020,Uttara Kannada,79,43,0,2,0
30-05-2020,Vijayapura,96,54,5,11,1
30-05-2020,Yadgir,240,9,1,18,0
31-05-2020,Bagalkote,78,66,1,0,0
31-05-2020,Ballari,48,14,1,1,0
31-05-2020,Belagavi,159,92,1,13,0
31-05-2020,Bengaluru Rural,15,9,1,0,3
31-05-2020,Bengaluru Urban,359,231,10,21,59
31-05-2020,Bidar,164,27,5,33,0
31-05-2020,Chikkaballapura,136,38,2,0,18
31-05-2020,Chikkamagaluru,18,4,0,0,2
31-05-2020,Chitradurga,39,9,0,0,4
31-05-2020,Dakshina Kannada,130,38,5,14,9
31-05-2020,Davanagere,154,121,4,6,17
31-05-2020,Dharwad,46,11,0,0,0
31-05-2020,Gadag,35,14,1,0,2
31-05-2020,Hassan,158,30,0,0,0
31-05-2020,Haveri,14,3,0,0,0
31-05-2020,Kalaburagi,282,128,7,28,0
31-05-2020,Kodagu,3,1,0,0,0
31-05-2020,Kolar,23,5,0,1,0
31-05-2020,Koppal,4,2,0,0,2
31-05-2020,Mandya,270,61,0,13,28
31-05-2020,Mysuru,94,90,0,0,1
31-05-2020,Other State,22,21,1,0,0
31-05-2020,Raichur,217,2,1,83,0
31-05-2020,Ramanagara,1,0,0,0,0
31-05-2020,Shivamogga,44,24,0,1,17
31-05-2020,Tumakuru,31,7,2,0,1
31-05-2020,Udupi,187,63,1,10,57
31-05-2020,Uttara Kannada,84,43,0,5,0
31-05-2020,Vijayapura,122,55,5,26,1
31-05-2020,Yadgir,284,9,1,44,0
01-06-2020,Bagalkote,79,66,1,1,0
01-06-2020,Ballari,51,16,1,3,2
01-06-2020,Belagavi,159,108,1,0,16
01-06-2020,Bengaluru Rural,15,11,1,0,2
01-06-2020,Bengaluru Urban,383,243,11,24,12
01-06-2020,Bidar,165,41,5,1,14
01-06-2020,Chikkaballapura,141,39,2,5,1
01-06-2020,Chikkamagaluru,18,8,0,0,4
01-06-2020,Chitradurga,40,9,0,1,0
01-06-2020,Dakshina Kannada,129,37,5,-1,-1
01-06-2020,Davanagere,156,121,4,2,0
01-06-2020,Dharwad,48,9,0,2,-2
01-06-2020,Gadag,35,14,1,0,0
01-06-2020,Hassan,172,29,0,14,-1
01-06-2020,Haveri,15,0,0,1,-3
01-06-2020,Kalaburagi,305,128,7,23,0
01-06-2020,Kodagu,3,1,0,0,0
01-06-2020,Kolar,25,5,0,2,0
01-06-2020,Koppal,4,3,0,0,1
01-06-2020,Mandya,285,61,0,15,0
01-06-2020,Mysuru,94,90,0,0,0
01-06-2020,Other State,34,25,1,12,4
01-06-2020,Raichur,217,37,1,0,35
01-06-2020,Ramanagara,2,0,0,1,0
01-06-2020,Shivamogga,51,20,0,7,-4
01-06-2020,Tumakuru,29,10,2,-2,3
01-06-2020,Udupi,260,62,1,73,-1
01-06-2020,Uttara Kannada,85,43,0,1,0
01-06-2020,Vijayapura,123,55,5,1,0
01-06-2020,Yadgir,285,27,1,1,18
02-06-2020,Bagalkote,88,66,1,9,0
02-06-2020,Ballari,51,27,1,0,11
02-06-2020,Belagavi,210,117,1,51,9
02-06-2020,Bengaluru Rural,18,11,1,3,0
02-06-2020,Bengaluru Urban,395,243,11,12,0
02-06-2020,Bidar,175,41,5,10,0
02-06-2020,Chikkaballapura,143,39,2,2,0
02-06-2020,Chikkamagaluru,18,8,0,0,0
02-06-2020,Chitradurga,40,9,0,0,0
02-06-2020,Dakshina Kannada,129,37,5,0,0
02-06-2020,Davanagere,163,121,4,7,0
02-06-2020,Dharwad,50,24,0,2,15
02-06-2020,Gadag,35,14,1,0,0
02-06-2020,Hassan,181,29,0,9,0
02-06-2020,Haveri,16,3,0,1,3
02-06-2020,Kalaburagi,405,128,7,100,0
02-06-2020,Kodagu,3,1,0,0,0
02-06-2020,Kolar,26,9,0,1,4
02-06-2020,Koppal,4,3,0,0,0
02-06-2020,Mandya,289,81,0,4,20
02-06-2020,Mysuru,94,90,0,0,0
02-06-2020,Other State,34,25,1,0,0
02-06-2020,Raichur,233,37,1,16,0
02-06-2020,Ramanagara,2,0,0,0,0
02-06-2020,Shivamogga,51,20,0,0,0
02-06-2020,Tumakuru,31,15,2,2,5
02-06-2020,Udupi,410,62,1,150,0
02-06-2020,Uttara Kannada,85,48,0,0,5
02-06-2020,Vijayapura,127,58,5,4,3
02-06-2020,Yadgir,290,27,1,5,0
03-06-2020,Bagalkote,90,71,1,2,5
03-06-2020,Ballari,52,32,1,1,5
03-06-2020,Belagavi,210,124,1,0,7
03-06-2020,Bengaluru Rural,19,11,1,1,0
03-06-2020,Bengaluru Urban,415,262,11,20,19
03-06-2020,Bidar,175,41,5,0,0
03-06-2020,Chikkaballapura,143,52,2,0,13
03-06-2020,Chikkamagaluru,18,8,0,0,0
03-06-2020,Chitradurga,40,9,0,0,0
03-06-2020,Dakshina Kannada,131,46,5,2,9
03-06-2020,Davanagere,166,134,5,3,13
03-06-2020,Dharwad,51,25,0,1,1
03-06-2020,Gadag,35,17,1,0,3
03-06-2020,Hassan,182,57,0,1,28
03-06-2020,Haveri,16,3,0,0,0
03-06-2020,Kalaburagi,510,128,7,105,0
03-06-2020,Kodagu,3,1,0,0,0
03-06-2020,Kolar,28,9,0,2,0
03-06-2020,Koppal,4,3,0,0,0
03-06-2020,Mandya,302,81,0,13,0
03-06-2020,Mysuru,96,90,0,2,0
03-06-2020,Other State,34,25,1,0,0
03-06-2020,Raichur,268,37,1,35,0
03-06-2020,Ramanagara,2,0,0,0,0
03-06-2020,Shivamogga,53,24,0,2,4
03-06-2020,Tumakuru,31,15,2,0,0
03-06-2020,Udupi,472,62,1,62,0
03-06-2020,Uttara Kannada,85,49,0,0,1
03-06-2020,Vijayapura,133,61,5,6,3
03-06-2020,Yadgir,299,27,1,9,0
04-06-2020,Bagalkote,90,71,1,0,0
04-06-2020,Ballari,53,35,1,1,3
04-06-2020,Belagavi,222,124,1,12,0
04-06-2020,Bengaluru Rural,19,11,1,0,0
04-06-2020,Bengaluru Urban,424,262,13,9,0
04-06-2020,Bidar,175,41,5,0,0
04-06-2020,Chikkaballapura,145,52,2,2,0
04-06-2020,Chikkamagaluru,18,13,0,0,5
04-06-2020,Chitradurga,40,9,0,0,0
04-06-2020,Dakshina Kannada,135,57,5,4,11
04-06-2020,Davanagere,179,141,6,13,7
04-06-2020,Dharwad,51,27,0,0,2
04-06-2020,Gadag,37,17,2,2,0
04-06-2020,Hassan,197,57,0,15,0
04-06-2020,Haveri,17,3,0,1,0
04-06-2020,Kalaburagi,510,128,7,0,0
04-06-2020,Kodagu,3,1,0,0,0
04-06-2020,Kolar,28,9,0,0,0
04-06-2020,Koppal,4,3,0,0,0
04-06-2020,Mandya,317,133,0,15,52
04-06-2020,Mysuru,97,91,0,1,1
04-06-2020,Other State,34,25,1,0,0
04-06-2020,Raichur,356,37,1,88,0
04-06-2020,Ramanagara,2,0,0,0,0
04-06-2020,Shivamogga,53,28,0,0,4
04-06-2020,Tumakuru,32,15,2,1,0
04-06-2020,Udupi,564,82,1,92,20
04-06-2020,Uttara Kannada,85,49,0,0,0
04-06-2020,Vijayapura,134,62,5,1,1
04-06-2020,Yadgir,299,27,1,0,0
05-06-2020,Bagalkote,91,71,1,1,0
05-06-2020,Ballari,54,35,1,1,0
05-06-2020,Belagavi,258,124,1,36,0
05-06-2020,Bengaluru Rural,31,11,1,12,0
05-06-2020,Bengaluru Urban,434,271,13,10,9
05-06-2020,Bidar,214,41,5,39,0
05-06-2020,Chikkaballapura,148,55,2,3,3
05-06-2020,Chikkamagaluru,18,16,0,0,3
05-06-2020,Chitradurga,40,12,0,0,3
05-06-2020,Dakshina Kannada,143,57,5,8,0
05-06-2020,Davanagere,180,147,6,1,6
05-06-2020,Dharwad,54,28,0,3,1
05-06-2020,Gadag,37,26,2,0,9
05-06-2020,Hassan,200,89,0,3,32
05-06-2020,Haveri,19,3,0,2,0
05-06-2020,Kalaburagi,552,129,7,42,1
05-06-2020,Kodagu,3,1,0,0,0
05-06-2020,Kolar,29,9,0,1,0
05-06-2020,Koppal,4,3,0,0,0
05-06-2020,Mandya,330,146,0,13,13
05-06-2020,Mysuru,97,91,0,0,0
05-06-2020,Other State,34,25,1,0,0
05-06-2020,Raichur,356,37,1,0,0
05-06-2020,Ramanagara,4,0,0,2,0
05-06-2020,Shivamogga,53,28,0,0,0
05-06-2020,Tumakuru,32,15,2,0,0
05-06-2020,Udupi,768,82,1,204,0
05-06-2020,Uttara Kannada,92,49,0,7,0
05-06-2020,Vijayapura,187,65,5,53,3
05-06-2020,Yadgir,373,27,1,74,0
06-06-2020,Bagalkote,91,74,1,0,3
06-06-2020,Ballari,54,43,1,0,8
06-06-2020,Belagavi,263,124,1,5,0
06-06-2020,Bengaluru Rural,31,11,1,0,0
06-06-2020,Bengaluru Urban,452,276,13,18,5
06-06-2020,Bidar,215,74,6,1,33
06-06-2020,Chikkaballapura,150,74,2,2,19
06-06-2020,Chikkamagaluru,18,21,0,0,5
06-06-2020,Chitradurga,40,24,0,0,12
06-06-2020,Dakshina Kannada,167,72,5,24,15
06-06-2020,Davanagere,186,149,6,6,2
06-06-2020,Dharwad,57,32,0,3,4
06-06-2020,Gadag,41,26,2,4,0
06-06-2020,Hassan,203,105,0,3,16
06-06-2020,Haveri,22,3,0,3,0
06-06-2020,Kalaburagi,621,167,7,69,38
06-06-2020,Kodagu,3,1,0,0,0
06-06-2020,Kolar,30,16,0,1,7
06-06-2020,Koppal,5,3,0,1,0
06-06-2020,Mandya,333,170,0,3,24
06-06-2020,Mysuru,97,91,0,0,0
06-06-2020,Other State,34,25,1,0,0
06-06-2020,Raichur,358,37,1,2,0
06-06-2020,Ramanagara,4,1,0,0,1
06-06-2020,Shivamogga,53,28,0,0,0
06-06-2020,Tumakuru,33,22,2,1,7
06-06-2020,Udupi,889,103,1,121,21
06-06-2020,Uttara Kannada,94,58,0,2,9
06-06-2020,Vijayapura,193,75,6,6,10
06-06-2020,Yadgir,476,68,1,103,41
07-06-2020,Bagalkote,91,76,1,0,2
07-06-2020,Ballari,60,43,1,6,0
07-06-2020,Belagavi,301,151,1,38,27
07-06-2020,Bengaluru Rural,36,11,1,5,0
07-06-2020,Bengaluru Urban,475,298,15,23,22
07-06-2020,Bidar,222,97,6,7,23
07-06-2020,Chikkaballapura,150,91,2,0,17
07-06-2020,Chikkamagaluru,18,18,0,0,-3
07-06-2020,Chitradurga,40,23,0,0,-1
07-06-2020,Dakshina Kannada,184,76,5,17,4
07-06-2020,Davanagere,203,150,6,17,1
07-06-2020,Dharwad,60,31,0,3,-1
07-06-2020,Gadag,43,33,2,2,7
07-06-2020,Hassan,208,105,0,5,0
07-06-2020,Haveri,22,6,0,0,3
07-06-2020,Kalaburagi,660,166,7,39,-1
07-06-2020,Kodagu,3,1,0,0,0
07-06-2020,Kolar,30,16,0,0,0
07-06-2020,Koppal,5,3,0,0,0
07-06-2020,Mandya,334,211,0,1,41
07-06-2020,Mysuru,97,91,0,0,0
07-06-2020,Other State,34,27,1,0,2
07-06-2020,Raichur,359,53,1,1,16
07-06-2020,Ramanagara,4,1,0,0,0
07-06-2020,Shivamogga,65,28,0,12,0
07-06-2020,Tumakuru,33,22,2,0,0
07-06-2020,Udupi,902,103,1,13,0
07-06-2020,Uttara Kannada,96,64,0,2,6
07-06-2020,Vijayapura,202,68,6,9,-7
07-06-2020,Yadgir,515,69,1,39,1
08-06-2020,Bagalkote,93,76,1,2,0
08-06-2020,Ballari,68,43,1,8,0
08-06-2020,Belagavi,301,151,1,0,0
08-06-2020,Bengaluru Rural,36,11,1,0,0
08-06-2020,Bengaluru Urban,493,298,18,18,0
08-06-2020,Bidar,270,90,6,48,-7
08-06-2020,Chikkaballapura,150,92,2,0,1
08-06-2020,Chikkamagaluru,18,18,0,0,0
08-06-2020,Chitradurga,40,23,0,0,0
08-06-2020,Dakshina Kannada,187,75,5,3,-1
08-06-2020,Davanagere,203,150,6,0,0
08-06-2020,Dharwad,64,39,0,4,8
08-06-2020,Gadag,49,33,2,6,0
08-06-2020,Hassan,211,122,0,3,17
08-06-2020,Haveri,22,11,0,0,5
08-06-2020,Kalaburagi,759,213,7,99,47
08-06-2020,Kodagu,3,1,0,0,0
08-06-2020,Kolar,30,16,0,0,0
08-06-2020,Koppal,6,3,0,1,0
08-06-2020,Mandya,334,222,0,0,11
08-06-2020,Mysuru,97,91,0,0,0
08-06-2020,Other State,34,27,1,0,0
08-06-2020,Raichur,359,82,1,0,29
08-06-2020,Ramanagara,5,1,0,1,0
08-06-2020,Shivamogga,69,28,0,4,0
08-06-2020,Tumakuru,33,28,2,0,6
08-06-2020,Udupi,947,234,1,45,131
08-06-2020,Uttara Kannada,96,64,0,0,0
08-06-2020,Vijayapura,202,108,6,0,40
08-06-2020,Yadgir,581,91,1,66,22
09-06-2020,Bagalkote,94,82,1,1,6
09-06-2020,Ballari,68,43,1,0,0
09-06-2020,Belagavi,301,151,1,0,0
09-06-2020,Bengaluru Rural,36,11,1,0,0
09-06-2020,Bengaluru Urban,522,298,19,29,0
09-06-2020,Bidar,279,132,6,9,42
09-06-2020,Chamarajanagara,1,0,0,1,0
09-06-2020,Chikkaballapura,152,109,2,2,17
09-06-2020,Chikkamagaluru,18,18,0,0,0
09-06-2020,Chitradurga,40,23,0,0,0
09-06-2020,Dakshina Kannada,210,85,5,23,10
09-06-2020,Davanagere,211,157,6,8,7
09-06-2020,Dharwad,66,39,0,2,0
09-06-2020,Gadag,49,33,2,0,0
09-06-2020,Hassan,211,150,0,0,28
09-06-2020,Haveri,22,11,0,0,0
09-06-2020,Kalaburagi,769,213,8,10,0
09-06-2020,Kodagu,3,1,0,0,0
09-06-2020,Kolar,30,18,0,0,2
09-06-2020,Koppal,12,4,0,6,1
09-06-2020,Mandya,334,236,0,0,14
09-06-2020,Mysuru,99,94,0,2,3
09-06-2020,Other State,34,27,1,0,0
09-06-2020,Raichur,359,82,1,0,0
09-06-2020,Ramanagara,5,1,0,0,0
09-06-2020,Shivamogga,73,31,0,4,3
09-06-2020,Tumakuru,34,28,2,1,0
09-06-2020,Udupi,947,234,1,0,0
09-06-2020,Uttara Kannada,96,72,0,0,8
09-06-2020,Vijayapura,204,131,6,2,23
09-06-2020,Yadgir,642,91,1,61,0
10-06-2020,Bagalkote,96,83,1,2,1
10-06-2020,Ballari,71,43,1,3,0
10-06-2020,Belagavi,302,155,1,1,4
10-06-2020,Bengaluru Rural,36,11,1,0,0
10-06-2020,Bengaluru Urban,564,298,21,42,0
10-06-2020,Bidar,284,151,6,5,19
10-06-2020,Chamarajanagara,1,0,0,0,0
10-06-2020,Chikkaballapura,152,109,2,0,0
10-06-2020,Chikkamagaluru,18,18,0,0,0
10-06-2020,Chitradurga,40,23,0,0,0
10-06-2020,Dakshina Kannada,214,95,5,4,10
10-06-2020,Davanagere,214,165,6,3,8
10-06-2020,Dharwad,70,45,1,4,6
10-06-2020,Gadag,49,34,2,0,1
10-06-2020,Hassan,214,150,0,3,0
10-06-2020,Haveri,22,14,0,0,3
10-06-2020,Kalaburagi,780,279,8,11,66
10-06-2020,Kodagu,3,1,0,0,0
10-06-2020,Kolar,30,26,0,0,8
10-06-2020,Koppal,12,4,0,0,0
10-06-2020,Mandya,334,247,0,0,11
10-06-2020,Mysuru,99,94,0,0,0
10-06-2020,Other State,34,27,1,0,0
10-06-2020,Raichur,359,82,1,0,0
10-06-2020,Ramanagara,7,1,0,2,0
10-06-2020,Shivamogga,73,31,0,0,0
10-06-2020,Tumakuru,34,28,2,0,0
10-06-2020,Udupi,947,327,1,0,93
10-06-2020,Uttara Kannada,96,82,0,0,10
10-06-2020,Vijayapura,217,131,6,13,0
10-06-2020,Yadgir,669,108,1,27,17
11-06-2020,Bagalkote,99,83,1,3,0
11-06-2020,Ballari,71,43,1,0,0
11-06-2020,Belagavi,302,155,1,0,0
11-06-2020,Bengaluru Rural,37,11,1,1,0
11-06-2020,Bengaluru Urban,581,299,23,17,1
11-06-2020,Bidar,298,181,6,14,30
11-06-2020,Chamarajanagara,1,0,0,0,0
11-06-2020,Chikkaballapura,152,124,2,0,15
11-06-2020,Chikkamagaluru,19,18,0,1,0
11-06-2020,Chitradurga,40,23,0,0,0
11-06-2020,Dakshina Kannada,216,96,5,2,1
11-06-2020,Davanagere,223,168,6,9,3
11-06-2020,Dharwad,72,46,1,2,1
11-06-2020,Gadag,49,35,2,0,1
11-06-2020,Hassan,216,160,0,2,10
11-06-2020,Haveri,22,14,0,0,0
11-06-2020,Kalaburagi,796,285,8,16,6
11-06-2020,Kodagu,3,1,0,0,0
11-06-2020,Kolar,36,26,0,6,0
11-06-2020,Koppal,13,4,0,1,0
11-06-2020,Mandya,334,255,0,0,8
11-06-2020,Mysuru,104,94,0,5,0
11-06-2020,Other State,34,27,1,0,0
11-06-2020,Raichur,374,82,2,15,0
11-06-2020,Ramanagara,12,1,0,5,0
11-06-2020,Shivamogga,83,31,0,10,0
11-06-2020,Tumakuru,34,28,2,0,0
11-06-2020,Udupi,969,349,1,22,22
11-06-2020,Uttara Kannada,99,82,0,3,0
11-06-2020,Vijayapura,221,147,6,4,16
11-06-2020,Yadgir,735,108,1,66,0
12-06-2020,Bagalkote,99,88,1,0,5
12-06-2020,Ballari,168,43,1,97,0
12-06-2020,Belagavi,303,217,1,1,62
12-06-2020,Bengaluru Rural,37,11,1,0,0
12-06-2020,Bengaluru Urban,617,299,27,36,0
12-06-2020,Bidar,308,203,6,10,22
12-06-2020,Chamarajanagara,1,0,0,0,0
12-06-2020,Chikkaballapura,152,126,2,0,2
12-06-2020,Chikkamagaluru,19,18,0,0,0
12-06-2020,Chitradurga,43,39,0,3,16
12-06-2020,Dakshina Kannada,233,113,5,17,17
12-06-2020,Davanagere,223,171,6,0,3
12-06-2020,Dharwad,91,46,1,19,0
12-06-2020,Gadag,49,36,2,0,1
12-06-2020,Hassan,225,160,1,9,0
12-06-2020,Haveri,22,21,0,0,7
12-06-2020,Kalaburagi,816,345,10,20,60
12-06-2020,Kodagu,3,1,0,0,0
12-06-2020,Kolar,37,26,0,1,0
12-06-2020,Koppal,13,4,0,0,0
12-06-2020,Mandya,336,255,0,2,0
12-06-2020,Mysuru,113,94,0,9,0
12-06-2020,Other State,34,27,1,0,0
12-06-2020,Raichur,378,82,2,4,0
12-06-2020,Ramanagara,15,1,0,3,0
12-06-2020,Shivamogga,89,43,0,6,12
12-06-2020,Tumakuru,41,28,2,7,0
12-06-2020,Udupi,991,474,1,22,125
12-06-2020,Uttara Kannada,103,85,0,4,3
12-06-2020,Vijayapura,222,147,6,1,0
12-06-2020,Yadgir,735,237,1,0,129
13-06-2020,Bagalkote,100,88,1,1,0
13-06-2020,Ballari,179,49,1,11,6
13-06-2020,Belagavi,303,217,1,0,0
13-06-2020,Bengaluru Rural,37,11,1,0,0
13-06-2020,Bengaluru Urban,648,299,29,31,0
13-06-2020,Bidar,350,203,6,42,0
13-06-2020,Chamarajanagara,1,0,0,0,0
13-06-2020,Chikkaballapura,152,126,2,0,0
13-06-2020,Chikkamagaluru,19,18,0,0,0
13-06-2020,Chitradurga,43,38,0,0,-1
13-06-2020,Dakshina Kannada,263,117,5,30,4
13-06-2020,Davanagere,226,184,6,3,13
13-06-2020,Dharwad,111,48,2,20,2
13-06-2020,Gadag,49,39,2,0,3
13-06-2020,Hassan,236,174,1,11,14
13-06-2020,Haveri,24,21,0,2,0
13-06-2020,Kalaburagi,883,377,10,67,32
13-06-2020,Kodagu,3,1,0,0,0
13-06-2020,Kolar,41,26,0,4,0
13-06-2020,Koppal,13,4,0,0,0
13-06-2020,Mandya,338,261,0,2,6
13-06-2020,Mysuru,114,94,0,1,0
13-06-2020,Other State,34,27,1,0,0
13-06-2020,Raichur,383,96,2,5,14
13-06-2020,Ramanagara,16,1,0,1,0
13-06-2020,Shivamogga,89,43,0,0,0
13-06-2020,Tumakuru,41,28,2,0,0
13-06-2020,Udupi,1005,584,1,14,110
13-06-2020,Uttara Kannada,108,85,0,5,0
13-06-2020,Vijayapura,228,152,6,6,5
13-06-2020,Yadgir,787,237,1,52,0
14-06-2020,Bagalkote,104,89,1,4,1
14-06-2020,Ballari,187,55,1,8,6
14-06-2020,Belagavi,304,223,1,1,6
14-06-2020,Bengaluru Rural,38,11,1,1,0
14-06-2020,Bengaluru Urban,690,327,32,42,28
14-06-2020,Bidar,370,203,6,20,0
14-06-2020,Chamarajanagara,1,0,0,0,0
14-06-2020,Chikkaballapura,152,126,2,0,0
14-06-2020,Chikkamagaluru,19,18,0,0,0
14-06-2020,Chitradurga,43,38,0,0,0
14-06-2020,Dakshina Kannada,268,128,6,5,11
14-06-2020,Davanagere,226,194,6,0,10
14-06-2020,Dharwad,121,50,2,10,2
14-06-2020,Gadag,49,39,2,0,0
14-06-2020,Hassan,237,183,1,1,9
14-06-2020,Haveri,25,21,0,1,0
14-06-2020,Kalaburagi,896,427,10,13,50
14-06-2020,Kodagu,3,1,0,0,0
14-06-2020,Kolar,48,26,0,7,0
14-06-2020,Koppal,13,9,0,0,5
14-06-2020,Mandya,343,261,0,5,0
14-06-2020,Mysuru,114,94,0,0,0
14-06-2020,Other State,35,28,2,1,1
14-06-2020,Raichur,385,96,2,2,0
14-06-2020,Ramanagara,19,1,0,3,0
14-06-2020,Shivamogga,91,43,0,2,0
14-06-2020,Tumakuru,41,28,2,0,0
14-06-2020,Udupi,1026,714,1,21,130
14-06-2020,Uttara Kannada,114,93,0,6,8
14-06-2020,Vijayapura,229,162,6,1,10
14-06-2020,Yadgir,809,272,1,22,35
15-06-2020,Bagalkote,107,89,1,3,0
15-06-2020,Ballari,197,55,1,10,0
15-06-2020,Belagavi,304,245,1,0,22
15-06-2020,Bengaluru Rural,38,10,1,0,-1
15-06-2020,Bengaluru Urban,725,329,33,35,2
15-06-2020,Bidar,381,239,6,11,36
15-06-2020,Chamarajanagara,1,0,0,0,0
15-06-2020,Chikkaballapura,152,133,2,0,7
15-06-2020,Chikkamagaluru,19,18,0,0,0
15-06-2020,Chitradurga,43,38,0,0,0
15-06-2020,Dakshina Kannada,291,134,6,23,6
15-06-2020,Davanagere,227,195,6,1,1
15-06-2020,Dharwad,155,50,3,34,0
15-06-2020,Gadag,49,39,2,0,0
15-06-2020,Hassan,238,189,1,1,6
15-06-2020,Haveri,27,21,0,2,0
15-06-2020,Kalaburagi,944,459,10,48,32
15-06-2020,Kodagu,3,1,0,0,0
15-06-2020,Kolar,48,26,0,0,0
15-06-2020,Koppal,17,9,0,4,0
15-06-2020,Mandya,343,261,0,0,0
15-06-2020,Mysuru,114,94,0,0,0
15-06-2020,Other State,35,28,2,0,0
15-06-2020,Raichur,403,91,2,18,-5
15-06-2020,Ramanagara,21,1,0,2,0
15-06-2020,Shivamogga,94,54,0,3,11
15-06-2020,Tumakuru,41,28,2,0,0
15-06-2020,Udupi,1028,736,1,2,22
15-06-2020,Uttara Kannada,114,93,0,0,0
15-06-2020,Vijayapura,232,164,6,3,2
15-06-2020,Yadgir,822,305,1,13,33
16-06-2020,Bagalkote,107,91,1,0,2
16-06-2020,Ballari,250,55,1,53,0
16-06-2020,Belagavi,307,254,1,3,9
16-06-2020,Bengaluru Rural,38,11,1,0,1
16-06-2020,Bengaluru Urban,772,361,38,47,32
16-06-2020,Bidar,383,239,7,2,0
16-06-2020,Chamarajanagara,1,0,0,0,0
16-06-2020,Chikkaballapura,152,141,2,0,8
16-06-2020,Chikkamagaluru,23,18,0,4,0
16-06-2020,Chitradurga,43,38,0,0,0
16-06-2020,Dakshina Kannada,370,145,6,79,11
16-06-2020,Davanagere,227,205,6,0,10
16-06-2020,Dharwad,163,50,3,8,0
16-06-2020,Gadag,53,41,2,4,2
16-06-2020,Hassan,243,191,1,5,2
16-06-2020,Haveri,27,21,0,0,0
16-06-2020,Kalaburagi,1007,474,10,63,15
16-06-2020,Kodagu,3,1,0,0,0
16-06-2020,Kolar,48,27,0,0,1
16-06-2020,Koppal,21,9,0,4,0
16-06-2020,Mandya,343,282,0,0,21
16-06-2020,Mysuru,118,104,0,4,10
16-06-2020,Other State,35,28,2,0,0
16-06-2020,Raichur,409,137,2,6,46
16-06-2020,Ramanagara,25,1,1,4,0
16-06-2020,Shivamogga,101,54,0,7,0
16-06-2020,Tumakuru,42,31,2,1,3
16-06-2020,Udupi,1035,817,1,7,81
16-06-2020,Uttara Kannada,120,93,0,6,0
16-06-2020,Vijayapura,236,182,6,4,18
16-06-2020,Yadgir,828,355,1,6,50
17-06-2020,Bagalkote,111,91,1,4,0
17-06-2020,Ballari,279,55,2,29,0
17-06-2020,Belagavi,307,254,1,0,0
17-06-2020,Bengaluru Rural,39,11,1,1,0
17-06-2020,Bengaluru Urban,827,370,43,55,9
17-06-2020,Bidar,395,239,8,12,0
17-06-2020,Chamarajanagara,1,0,0,0,0
17-06-2020,Chikkaballapura,155,141,2,3,0
17-06-2020,Chikkamagaluru,23,19,0,0,1
17-06-2020,Chitradurga,43,38,0,0,0
17-06-2020,Dakshina Kannada,378,145,6,8,0
17-06-2020,Davanagere,230,207,6,3,2
17-06-2020,Dharwad,171,50,3,8,0
17-06-2020,Gadag,53,41,2,0,0
17-06-2020,Hassan,248,191,1,5,0
17-06-2020,Haveri,27,21,0,0,0
17-06-2020,Kalaburagi,1026,574,10,19,100
17-06-2020,Kodagu,3,1,0,0,0
17-06-2020,Kolar,48,27,0,0,0
17-06-2020,Koppal,21,11,0,0,2
17-06-2020,Mandya,350,288,0,7,6
17-06-2020,Mysuru,119,104,0,1,0
17-06-2020,Other State,35,28,2,0,0
17-06-2020,Raichur,410,137,2,1,0
17-06-2020,Ramanagara,25,1,1,0,0
17-06-2020,Shivamogga,105,69,1,4,15
17-06-2020,Tumakuru,42,31,2,0,0
17-06-2020,Udupi,1039,904,1,4,87
17-06-2020,Uttara Kannada,123,93,0,3,0
17-06-2020,Vijayapura,236,196,6,0,14
17-06-2020,Yadgir,865,467,1,37,112
18-06-2020,Bagalkote,112,91,1,1,0
18-06-2020,Ballari,327,90,2,48,35
18-06-2020,Belagavi,307,254,1,0,0
18-06-2020,Bengaluru Rural,39,11,1,0,0
18-06-2020,Bengaluru Urban,844,384,51,17,14
18-06-2020,Bidar,401,251,9,6,12
18-06-2020,Chamarajanagara,1,0,0,0,0
18-06-2020,Chikkaballapura,155,146,2,0,5
18-06-2020,Chikkamagaluru,26,19,0,3,0
18-06-2020,Chitradurga,43,38,0,0,0
18-06-2020,Dakshina Kannada,401,151,6,23,6
18-06-2020,Davanagere,233,215,6,3,8
18-06-2020,Dharwad,175,50,3,4,0
18-06-2020,Gadag,58,39,2,5,-2
18-06-2020,Hassan,252,195,1,4,4
18-06-2020,Haveri,27,21,0,0,0
18-06-2020,Kalaburagi,1074,606,11,48,32
18-06-2020,Kodagu,3,1,0,0,0
18-06-2020,Kolar,48,29,0,0,2
18-06-2020,Koppal,22,11,1,1,0
18-06-2020,Mandya,357,304,0,7,16
18-06-2020,Mysuru,121,110,0,2,6
18-06-2020,Other State,35,29,2,0,1
18-06-2020,Raichur,414,137,2,4,0
18-06-2020,Ramanagara,46,3,1,21,2
18-06-2020,Shivamogga,106,68,1,1,-1
18-06-2020,Tumakuru,42,31,2,0,0
18-06-2020,Udupi,1039,940,1,0,36
18-06-2020,Uttara Kannada,125,93,0,2,0
18-06-2020,Vijayapura,238,197,7,2,1
18-06-2020,Yadgir,873,466,1,8,-1
19-06-2020,Bagalkote,115,93,1,3,2
19-06-2020,Ballari,364,90,2,37,0
19-06-2020,Belagavi,308,279,1,1,25
19-06-2020,Bengaluru Rural,43,11,1,4,0
19-06-2020,Bengaluru Urban,982,392,58,138,8
19-06-2020,Bidar,411,254,11,10,3
19-06-2020,Chamarajanagara,1,0,0,0,0
19-06-2020,Chikkaballapura,158,146,2,3,0
19-06-2020,Chikkamagaluru,28,19,0,2,0
19-06-2020,Chitradurga,43,38,0,0,0
19-06-2020,Dakshina Kannada,414,197,6,13,46
19-06-2020,Davanagere,245,215,6,12,0
19-06-2020,Dharwad,178,52,3,3,2
19-06-2020,Gadag,58,39,2,0,0
19-06-2020,Hassan,270,195,1,18,0
19-06-2020,Haveri,27,21,0,0,0
19-06-2020,Kalaburagi,1126,646,11,52,40
19-06-2020,Kodagu,3,1,0,0,0
19-06-2020,Kolar,52,29,0,4,0
19-06-2020,Koppal,28,11,1,6,0
19-06-2020,Mandya,360,318,0,3,14
19-06-2020,Mysuru,127,110,0,6,0
19-06-2020,Other State,35,32,2,0,3
19-06-2020,Raichur,414,198,2,0,61
19-06-2020,Ramanagara,49,6,1,3,3
19-06-2020,Shivamogga,107,68,1,1,0
19-06-2020,Tumakuru,44,31,2,2,0
19-06-2020,Udupi,1050,944,1,11,4
19-06-2020,Uttara Kannada,126,93,0,1,0
19-06-2020,Vijayapura,238,205,7,0,8
19-06-2020,Yadgir,877,477,1,4,11
20-06-2020,Bagalkote,117,94,1,2,1
20-06-2020,Ballari,402,98,2,38,8
20-06-2020,Belagavi,309,279,1,1,0
20-06-2020,Bengaluru Rural,47,11,1,4,0
20-06-2020,Bengaluru Urban,1076,394,61,94,2
20-06-2020,Bidar,484,266,13,73,12
20-06-2020,Chamarajanagara,2,1,0,1,1
20-06-2020,Chikkaballapura,163,146,2,5,0
20-06-2020,Chikkamagaluru,36,19,1,8,0
20-06-2020,Chitradurga,43,38,0,0,0
20-06-2020,Dakshina Kannada,418,201,6,4,4
20-06-2020,Davanagere,248,220,7,3,5
20-06-2020,Dharwad,183,63,3,5,11
20-06-2020,Gadag,60,39,2,2,0
20-06-2020,Hassan,286,195,1,16,0
20-06-2020,Haveri,39,21,0,12,0
20-06-2020,Kalaburagi,1160,688,11,34,42
20-06-2020,Kodagu,3,1,0,0,0
20-06-2020,Kolar,56,32,0,4,3
20-06-2020,Koppal,28,11,1,0,0
20-06-2020,Mandya,364,321,0,4,3
20-06-2020,Mysuru,149,110,0,22,0
20-06-2020,Other State,36,32,3,1,0
20-06-2020,Raichur,429,237,2,15,39
20-06-2020,Ramanagara,87,6,1,38,0
20-06-2020,Shivamogga,109,85,1,2,17
20-06-2020,Tumakuru,46,31,2,2,0
20-06-2020,Udupi,1063,953,2,13,9
20-06-2020,Uttara Kannada,130,93,0,4,0
20-06-2020,Vijayapura,247,210,7,9,5
20-06-2020,Yadgir,877,498,1,0,21
21-06-2020,Bagalkote,131,100,1,14,6
21-06-2020,Ballari,442,112,2,40,14
21-06-2020,Belagavi,309,282,1,0,3
21-06-2020,Bengaluru Rural,47,11,1,0,0
21-06-2020,Bengaluru Urban,1272,411,64,196,17
21-06-2020,Bidar,497,324,15,13,58
21-06-2020,Chamarajanagara,2,1,0,0,0
21-06-2020,Chikkaballapura,166,146,2,3,0
21-06-2020,Chikkamagaluru,37,19,1,1,0
21-06-2020,Chitradurga,43,41,0,0,3
21-06-2020,Dakshina Kannada,425,227,6,7,26
21-06-2020,Davanagere,256,220,7,8,0
21-06-2020,Dharwad,198,75,3,15,12
21-06-2020,Gadag,78,42,2,18,3
21-06-2020,Hassan,291,201,1,5,6
21-06-2020,Haveri,42,21,0,3,0
21-06-2020,Kalaburagi,1199,697,11,39,9
21-06-2020,Kodagu,3,1,0,0,0
21-06-2020,Kolar,64,32,0,8,0
21-06-2020,Koppal,28,12,1,0,1
21-06-2020,Mandya,369,321,0,5,0
21-06-2020,Mysuru,167,110,0,18,0
21-06-2020,Other State,36,32,3,0,0
21-06-2020,Raichur,431,271,2,2,34
21-06-2020,Ramanagara,89,6,1,2,0
21-06-2020,Shivamogga,111,85,1,2,0
21-06-2020,Tumakuru,50,31,2,4,0
21-06-2020,Udupi,1063,959,2,0,6
21-06-2020,Uttara Kannada,138,99,0,8,6
21-06-2020,Vijayapura,286,217,7,39,7
21-06-2020,Yadgir,880,513,1,3,15
22-06-2020,Bagalkote,137,100,1,6,0
22-06-2020,Ballari,442,112,3,0,0
22-06-2020,Belagavi,309,282,1,0,0
22-06-2020,Bengaluru Rural,51,11,1,4,0
22-06-2020,Bengaluru Urban,1398,411,67,126,0
22-06-2020,Bidar,502,324,15,5,0
22-06-2020,Chamarajanagara,2,1,0,0,0
22-06-2020,Chikkaballapura,167,147,2,1,1
22-06-2020,Chikkamagaluru,42,19,1,5,0
22-06-2020,Chitradurga,45,41,0,2,0
22-06-2020,Dakshina Kannada,437,244,6,12,17
22-06-2020,Davanagere,265,220,7,9,0
22-06-2020,Dharwad,202,77,3,4,2
22-06-2020,Gadag,79,42,2,1,0
22-06-2020,Hassan,291,207,1,0,6
22-06-2020,Haveri,42,24,0,0,3
22-06-2020,Kalaburagi,1226,731,11,27,34
22-06-2020,Kodagu,5,1,0,2,0
22-06-2020,Kolar,66,32,0,2,0
22-06-2020,Koppal,29,16,1,1,4
22-06-2020,Mandya,369,321,0,0,0
22-06-2020,Mysuru,168,110,0,1,0
22-06-2020,Other State,36,32,3,0,0
22-06-2020,Raichur,431,271,2,0,0
22-06-2020,Ramanagara,92,6,2,3,0
22-06-2020,Shivamogga,111,85,1,0,0
22-06-2020,Tumakuru,52,39,2,2,8
22-06-2020,Udupi,1077,961,2,14,2
22-06-2020,Uttara Kannada,144,106,0,6,7
22-06-2020,Vijayapura,301,220,7,15,3
22-06-2020,Yadgir,881,537,1,1,24
23-06-2020,Bagalkote,137,100,1,0,0
23-06-2020,Ballari,495,145,4,53,33
23-06-2020,Belagavi,311,282,1,2,0
23-06-2020,Bengaluru Rural,51,11,1,0,0
23-06-2020,Bengaluru Urban,1505,435,73,107,24
23-06-2020,Bidar,524,366,15,22,42
23-06-2020,Chamarajanagara,6,1,0,4,0
23-06-2020,Chikkaballapura,172,147,2,5,0
23-06-2020,Chikkamagaluru,42,19,1,0,0
23-06-2020,Chitradurga,45,41,0,0,0
23-06-2020,Dakshina Kannada,445,246,7,8,2
23-06-2020,Davanagere,267,226,7,2,6
23-06-2020,Dharwad,206,91,3,4,14
23-06-2020,Gadag,88,42,2,9,0
23-06-2020,Hassan,298,213,1,7,6
23-06-2020,Haveri,44,25,0,2,1
23-06-2020,Kalaburagi,1232,779,11,6,48
23-06-2020,Kodagu,6,1,0,1,0
23-06-2020,Kolar,74,32,0,8,0
23-06-2020,Koppal,33,16,1,4,0
23-06-2020,Mandya,371,334,0,2,13
23-06-2020,Mysuru,189,110,0,21,0
23-06-2020,Other State,36,32,3,0,0
23-06-2020,Raichur,434,307,2,3,36
23-06-2020,Ramanagara,92,6,2,0,0
23-06-2020,Shivamogga,116,88,1,5,3
23-06-2020,Tumakuru,56,39,2,4,0
23-06-2020,Udupi,1088,969,2,11,8
23-06-2020,Uttara Kannada,147,112,0,3,6
23-06-2020,Vijayapura,317,222,7,16,2
23-06-2020,Yadgir,894,567,1,13,30
24-06-2020,Bagalkote,137,100,1,0,0
24-06-2020,Ballari,529,145,8,34,0
24-06-2020,Belagavi,312,289,1,1,7
24-06-2020,Bengaluru Rural,58,11,1,7,0
24-06-2020,Bengaluru Urban,1678,476,78,173,41
24-06-2020,Bidar,529,378,15,5,12
24-06-2020,Chamarajanagara,8,1,0,2,0
24-06-2020,Chikkaballapura,180,147,2,8,0
24-06-2020,Chikkamagaluru,43,23,1,1,4
24-06-2020,Chitradurga,47,41,0,2,0
24-06-2020,Dakshina Kannada,457,246,7,12,0
24-06-2020,Davanagere,275,227,7,8,1
24-06-2020,Dharwad,218,98,3,12,7
24-06-2020,Gadag,94,42,2,6,0
24-06-2020,Hassan,299,213,1,1,0
24-06-2020,Haveri,44,25,0,0,0
24-06-2020,Kalaburagi,1254,829,13,22,50
24-06-2020,Kodagu,8,3,0,2,2
24-06-2020,Kolar,80,36,0,6,4
24-06-2020,Koppal,44,18,1,11,2
24-06-2020,Mandya,373,334,0,2,0
24-06-2020,Mysuru,196,110,0,7,0
24-06-2020,Other State,36,32,3,0,0
24-06-2020,Raichur,443,307,2,9,0
24-06-2020,Ramanagara,114,6,4,22,0
24-06-2020,Shivamogga,119,88,1,3,0
24-06-2020,Tumakuru,57,39,3,1,0
24-06-2020,Udupi,1102,978,2,14,9
24-06-2020,Uttara Kannada,156,112,0,9,0
24-06-2020,Vijayapura,321,232,7,4,10
24-06-2020,Yadgir,907,567,1,13,0
25-06-2020,Bagalkote,155,100,1,18,0
25-06-2020,Ballari,555,194,8,26,49
25-06-2020,Belagavi,316,295,1,4,6
25-06-2020,Bengaluru Rural,70,14,4,12,3
25-06-2020,Bengaluru Urban,1791,506,78,113,30
25-06-2020,Bidar,537,396,15,8,18
25-06-2020,Chamarajanagara,9,1,0,1,0
25-06-2020,Chikkaballapura,182,147,2,2,0
25-06-2020,Chikkamagaluru,44,23,1,1,0
25-06-2020,Chitradurga,47,41,0,0,0
25-06-2020,Dakshina Kannada,486,334,8,29,88
25-06-2020,Davanagere,282,227,7,7,0
25-06-2020,Dharwad,244,141,3,26,43
25-06-2020,Gadag,104,45,2,10,3
25-06-2020,Hassan,311,230,1,12,17
25-06-2020,Haveri,54,25,0,10,0
25-06-2020,Kalaburagi,1289,860,14,35,31
25-06-2020,Kodagu,26,3,0,18,0
25-06-2020,Kolar,84,36,0,4,0
25-06-2020,Koppal,44,20,1,0,2
25-06-2020,Mandya,382,334,0,9,0
25-06-2020,Mysuru,218,125,1,22,15
25-06-2020,Other State,36,32,3,0,0
25-06-2020,Raichur,443,355,2,0,48
25-06-2020,Ramanagara,147,6,4,33,0
25-06-2020,Shivamogga,123,93,1,4,5
25-06-2020,Tumakuru,58,39,3,1,0
25-06-2020,Udupi,1116,1011,2,14,33
25-06-2020,Uttara Kannada,167,122,0,11,10
25-06-2020,Vijayapura,331,232,7,10,0
25-06-2020,Yadgir,909,685,1,2,118
26-06-2020,Bagalkote,161,113,2,6,13
26-06-2020,Ballari,602,232,9,47,38
26-06-2020,Belagavi,317,296,1,1,1
26-06-2020,Bengaluru Rural,73,14,4,3,0
26-06-2020,Bengaluru Urban,1935,527,81,144,21
26-06-2020,Bidar,538,396,16,1,0
26-06-2020,Chamarajanagara,20,1,0,11,0
26-06-2020,Chikkaballapura,182,152,2,0,5
26-06-2020,Chikkamagaluru,48,23,1,4,0
26-06-2020,Chitradurga,48,41,0,1,0
26-06-2020,Dakshina Kannada,519,366,8,33,32
26-06-2020,Davanagere,283,237,7,1,10
26-06-2020,Dharwad,274,154,4,30,13
26-06-2020,Gadag,116,45,2,12,0
26-06-2020,Hassan,314,230,1,3,0
26-06-2020,Haveri,56,25,0,2,0
26-06-2020,Kalaburagi,1331,935,15,42,75
26-06-2020,Kodagu,30,3,0,4,0
26-06-2020,Kolar,90,42,1,6,6
26-06-2020,Koppal,80,20,1,36,0
26-06-2020,Mandya,388,334,0,6,0
26-06-2020,Mysuru,223,126,1,5,1
26-06-2020,Other State,36,32,3,0,0
26-06-2020,Raichur,457,355,2,14,0
26-06-2020,Ramanagara,148,17,4,1,11
26-06-2020,Shivamogga,129,96,2,6,3
26-06-2020,Tumakuru,60,39,3,2,0
26-06-2020,Udupi,1125,1028,2,9,17
26-06-2020,Uttara Kannada,173,122,0,6,0
26-06-2020,Vijayapura,333,232,7,2,0
26-06-2020,Yadgir,916,685,1,7,0
