date,city,confirmed,recovered,deceased,delta_confirmed,delta_recovered
2020-04-26,Imphal East,1,1,0, 0,0
2020-04-26,Imphal West,1,1,0, 0,0
2020-04-27,Imphal East,1,1,0, 0,0
2020-04-27,Imphal West,1,1,0, 0,0
2020-04-28,Imphal East,1,1,0, 0,0
2020-04-28,Imphal West,1,1,0, 0,0
2020-04-29,Imphal East,1,1,0, 0,0
2020-04-29,Imphal West,1,1,0, 0,0
2020-04-30,Imphal East,1,1,0, 0,0
2020-04-30,Imphal West,1,1,0, 0,0
2020-05-01,Imphal East,1,1,0, 0,0
2020-05-01,Imphal West,1,1,0, 0,0
2020-05-02,Imphal East,1,1,0, 0,0
2020-05-02,Imphal West,1,1,0, 0,0
2020-05-03,Imphal East,1,1,0, 0,0
2020-05-03,Imphal West,1,1,0, 0,0
2020-05-04,Imphal East,1,1,0, 0,0
2020-05-04,Imphal West,1,1,0, 0,0
2020-05-05,Imphal East,1,1,0, 0,0
2020-05-05,Imphal West,1,1,0, 0,0
2020-05-06,Imphal East,1,1,0, 0,0
2020-05-06,Imphal West,1,1,0, 0,0
2020-05-07,Imphal East,1,1,0, 0,0
2020-05-07,Imphal West,1,1,0, 0,0
2020-05-08,Imphal East,1,1,0, 0,0
2020-05-08,Imphal West,1,1,0, 0,0
2020-05-09,Imphal East,1,1,0, 0,0
2020-05-09,Imphal West,1,1,0, 0,0
2020-05-10,Imphal East,1,1,0, 0,0
2020-05-10,Imphal West,1,1,0, 0,0
2020-05-11,Imphal East,1,1,0, 0,0
2020-05-11,Imphal West,1,1,0, 0,0
2020-05-12,Imphal East,1,1,0, 0,0
2020-05-12,Imphal West,1,1,0, 0,0
2020-05-13,Imphal East,1,1,0, 0,0
2020-05-13,Imphal West,1,1,0, 0,0
2020-05-14,Imphal East,2,1,0,1,0
2020-05-14,Imphal West,1,1,0, 0,0
2020-05-15,Imphal East,2,1,0, 0,0
2020-05-15,Imphal West,1,1,0, 0,0
2020-05-16,Churachandpur,1,0,0,1,0
2020-05-16,Imphal East,3,1,0,1,0
2020-05-16,Imphal West,3,1,0,2,0
2020-05-17,Churachandpur,1,0,0, 0,0
2020-05-17,Imphal East,3,1,0, 0,0
2020-05-17,Imphal West,3,1,0, 0,0
2020-05-18,Churachandpur,1,0,0, 0,0
2020-05-18,Imphal East,3,1,0, 0,0
2020-05-18,Imphal West,3,1,0, 0,0
2020-05-19,Churachandpur,1,0,0, 0,0
2020-05-19,Imphal East,3,1,0, 0,0
2020-05-19,Imphal West,5,1,0,2,0
2020-05-20,Churachandpur,16,0,0,15,0
2020-05-20,Imphal East,3,1,0, 0,0
2020-05-20,Imphal West,6,1,0,1,0
2020-05-21,Churachandpur,16,0,0, 0,0
2020-05-21,Imphal East,3,1,0, 0,0
2020-05-21,Imphal West,6,1,0, 0,0
2020-05-22,Churachandpur,16,0,0, 0,0
2020-05-22,Imphal East,3,1,0, 0,0
2020-05-22,Imphal West,7,1,0,1,0
2020-05-23,Churachandpur,16,0,0, 0,0
2020-05-23,Imphal East,3,1,0, 0,0
2020-05-23,Imphal West,7,1,0, 0,0
2020-05-23,Unknown,3,0,0,3,0
2020-05-24,Churachandpur,16,0,0, 0,0
2020-05-24,Imphal East,3,1,0, 0,0
2020-05-24,Imphal West,7,1,0, 0,0
2020-05-24,Unknown,6,2,0,3,2
2020-05-25,Churachandpur,17,0,0,1,0
2020-05-25,Imphal East,3,1,0, 0,0
2020-05-25,Imphal West,7,1,0, 0,0
2020-05-25,Noney,1,0,0,1,0
2020-05-25,Unknown,8,2,0,2,0
2020-05-26,Churachandpur,17,0,0, 0,0
2020-05-26,Imphal East,3,1,0, 0,0
2020-05-26,Imphal West,10,1,0,3,0
2020-05-26,Noney,1,0,0, 0,0
2020-05-26,Unknown,8,2,0, 0,0
2020-05-27,Churachandpur,17,0,0, 0,0
2020-05-27,Imphal East,3,1,0, 0,0
2020-05-27,Imphal West,10,1,0, 0,0
2020-05-27,Noney,1,0,0, 0,0
2020-05-27,Unknown,13,2,0,5,0
2020-05-28,Churachandpur,17,0,0, 0,0
2020-05-28,Imphal East,3,1,0, 0,0
2020-05-28,Imphal West,10,1,0, 0,0
2020-05-28,Noney,1,0,0, 0,0
2020-05-28,Unknown,24,2,0,11,0
2020-05-29,Churachandpur,17,0,0, 0,0
2020-05-29,Imphal East,3,1,0, 0,0
2020-05-29,Imphal West,13,1,0,3,0
2020-05-29,Kamjong,0,2,0, 0,2
2020-05-29,Noney,1,0,0, 0,0
2020-05-29,Unknown,25,2,0,1,0
2020-05-30,Churachandpur,17,0,0, 0,0
2020-05-30,Imphal East,3,1,0, 0,0
2020-05-30,Imphal West,14,1,0,1,0
2020-05-30,Kamjong,0,2,0, 0,0
2020-05-30,Noney,1,0,0, 0,0
2020-05-30,Unknown,25,2,0, 0,0
2020-05-31,Chandel,1,0,0,1,0
2020-05-31,Churachandpur,18,2,0,1,2
2020-05-31,Imphal East,6,1,0,3,0
2020-05-31,Imphal West,15,1,0,1,0
2020-05-31,Kamjong,0,2,0, 0,0
2020-05-31,Noney,3,0,0,2,0
2020-05-31,Thoubal,0,2,0, 0,2
2020-05-31,Ukhrul,3,0,0,3,0
2020-05-31,Unknown,25,3,0, 0,1
2020-06-01,Bishnupur,2,0,0,2,0
2020-06-01,Chandel,1,0,0, 0,0
2020-06-01,Churachandpur,18,2,0, 0,0
2020-06-01,Imphal East,6,1,0, 0,0
2020-06-01,Imphal West,16,1,0,1,0
2020-06-01,Kamjong,1,2,0,1,0
2020-06-01,Noney,3,0,0, 0,0
2020-06-01,Senapati,2,0,0,2,0
2020-06-01,Thoubal,3,2,0,3,0
2020-06-01,Ukhrul,3,0,0, 0,0
2020-06-01,Unknown,28,3,0,3,0
2020-06-02,Bishnupur,2,0,0, 0,0
2020-06-02,Chandel,1,0,0, 0,0
2020-06-02,Churachandpur,18,2,0, 0,0
2020-06-02,Imphal East,10,1,0,4,0
2020-06-02,Imphal West,18,1,0,2,0
2020-06-02,Kamjong,1,2,0, 0,0
2020-06-02,Noney,3,0,0, 0,0
2020-06-02,Senapati,2,0,0, 0,0
2020-06-02,Thoubal,3,2,0, 0,0
2020-06-02,Ukhrul,3,0,0, 0,0
2020-06-02,Unknown,28,6,0, 0,3
2020-06-03,Bishnupur,3,0,0,1,0
2020-06-03,Chandel,1,0,0, 0,0
2020-06-03,Churachandpur,19,3,0,1,1
2020-06-03,Imphal East,10,12,0, 0,11
2020-06-03,Imphal West,18,1,0, 0,0
2020-06-03,Kakching,2,0,0,2,0
2020-06-03,Kamjong,2,2,0,1,0
2020-06-03,Noney,3,0,0, 0,0
2020-06-03,Senapati,5,0,0,3,0
2020-06-03,Tamenglong,4,0,0,4,0
2020-06-03,Tengnoupal,4,0,0,4,0
2020-06-03,Thoubal,4,2,0,1,0
2020-06-03,Ukhrul,5,0,0,2,0
2020-06-03,Unknown,28,18,0, 0,12
2020-06-04,Bishnupur,4,0,0,1,0
2020-06-04,Chandel,2,0,0,1,0
2020-06-04,Churachandpur,21,3,0,2,0
2020-06-04,Imphal East,10,12,0, 0,0
2020-06-04,Imphal West,18,1,0, 0,0
2020-06-04,Kakching,2,0,0, 0,0
2020-06-04,Kamjong,2,2,0, 0,0
2020-06-04,Kangpokpi,5,0,0,5,0
2020-06-04,Noney,3,0,0, 0,0
2020-06-04,Senapati,5,0,0, 0,0
2020-06-04,Tamenglong,5,0,0,1,0
2020-06-04,Tengnoupal,7,0,0,3,0
2020-06-04,Thoubal,4,2,0, 0,0
2020-06-04,Ukhrul,5,0,0, 0,0
2020-06-04,Unknown,31,18,0,3,0
2020-06-05,Bishnupur,4,0,0, 0,0
2020-06-05,Chandel,2,0,0, 0,0
2020-06-05,Churachandpur,21,3,0, 0,0
2020-06-05,Imphal East,10,12,0, 0,0
2020-06-05,Imphal West,26,1,0,8,0
2020-06-05,Kakching,2,0,0, 0,0
2020-06-05,Kamjong,2,2,0, 0,0
2020-06-05,Kangpokpi,5,0,0, 0,0
2020-06-05,Noney,3,0,0, 0,0
2020-06-05,Senapati,5,0,0, 0,0
2020-06-05,Tamenglong,5,0,0, 0,0
2020-06-05,Tengnoupal,7,0,0, 0,0
2020-06-05,Thoubal,4,2,0, 0,0
2020-06-05,Ukhrul,5,0,0, 0,0
2020-06-05,Unknown,31,18,0, 0,0
2020-06-06,Bishnupur,4,1,0, 0,1
2020-06-06,Chandel,2,0,0, 0,0
2020-06-06,Churachandpur,29,3,0,8,0
2020-06-06,Imphal East,10,12,0, 0,0
2020-06-06,Imphal West,26,5,0, 0,4
2020-06-06,Kakching,2,0,0, 0,0
2020-06-06,Kamjong,2,2,0, 0,0
2020-06-06,Kangpokpi,19,0,0,14,0
2020-06-06,Noney,3,1,0, 0,1
2020-06-06,Pherzawl,3,0,0,3,0
2020-06-06,Senapati,5,0,0, 0,0
2020-06-06,Tamenglong,5,1,0, 0,1
2020-06-06,Tengnoupal,7,0,0, 0,0
2020-06-06,Thoubal,4,4,0, 0,2
2020-06-06,Ukhrul,5,2,0, 0,2
2020-06-06,Unknown,31,21,0, 0,3
2020-06-07,Bishnupur,4,1,0, 0,0
2020-06-07,Chandel,2,0,0, 0,0
2020-06-07,Churachandpur,29,3,0, 0,0
2020-06-07,Imphal East,10,12,0, 0,0
2020-06-07,Imphal West,27,5,0,1,0
2020-06-07,Kakching,2,0,0, 0,0
2020-06-07,Kamjong,2,2,0, 0,0
2020-06-07,Kangpokpi,22,0,0,3,0
2020-06-07,Noney,3,1,0, 0,0
2020-06-07,Pherzawl,3,0,0, 0,0
2020-06-07,Senapati,5,0,0, 0,0
2020-06-07,Tamenglong,5,1,0, 0,0
2020-06-07,Tengnoupal,7,0,0, 0,0
2020-06-07,Thoubal,10,4,0,6,0
2020-06-07,Ukhrul,10,2,0,5,0
2020-06-07,Unknown,31,21,0, 0,0
2020-06-08,Bishnupur,40,1,0,36,0
2020-06-08,Chandel,2,0,0, 0,0
2020-06-08,Churachandpur,41,3,0,12,0
2020-06-08,Imphal East,10,12,0, 0,0
2020-06-08,Imphal West,42,5,0,15,0
2020-06-08,Kakching,22,0,0,20,0
2020-06-08,Kamjong,10,2,0,8,0
2020-06-08,Kangpokpi,23,0,0,1,0
2020-06-08,Noney,4,1,0,1,0
2020-06-08,Pherzawl,3,0,0, 0,0
2020-06-08,Senapati,7,0,0,2,0
2020-06-08,Tamenglong,5,1,0, 0,0
2020-06-08,Tengnoupal,9,0,0,2,0
2020-06-08,Thoubal,10,4,0, 0,0
2020-06-08,Ukhrul,13,2,0,3,0
2020-06-08,Unknown,31,27,0, 0,6
2020-06-09,Bishnupur,40,1,0, 0,0
2020-06-09,Chandel,4,0,0,2,0
2020-06-09,Churachandpur,41,3,0, 0,0
2020-06-09,Imphal East,10,12,0, 0,0
2020-06-09,Imphal West,42,5,0, 0,0
2020-06-09,Kakching,22,0,0, 0,0
2020-06-09,Kamjong,11,2,0,1,0
2020-06-09,Kangpokpi,43,0,0,20,0
2020-06-09,Noney,13,1,0,9,0
2020-06-09,Pherzawl,3,0,0, 0,0
2020-06-09,Senapati,7,0,0, 0,0
2020-06-09,Tamenglong,5,1,0, 0,0
2020-06-09,Tengnoupal,9,0,0, 0,0
2020-06-09,Thoubal,10,4,0, 0,0
2020-06-09,Ukhrul,13,2,0, 0,0
2020-06-09,Unknown,31,33,0, 0,6
2020-06-10,Bishnupur,40,1,0, 0,0
2020-06-10,Chandel,4,0,0, 0,0
2020-06-10,Churachandpur,41,3,0, 0,0
2020-06-10,Imphal East,15,12,0,5,0
2020-06-10,Imphal West,42,5,0, 0,0
2020-06-10,Kakching,22,0,0, 0,0
2020-06-10,Kamjong,11,2,0, 0,0
2020-06-10,Kangpokpi,43,0,0, 0,0
2020-06-10,Noney,13,1,0, 0,0
2020-06-10,Pherzawl,5,0,0,2,0
2020-06-10,Senapati,7,0,0, 0,0
2020-06-10,Tamenglong,5,1,0, 0,0
2020-06-10,Tengnoupal,9,0,0, 0,0
2020-06-10,Thoubal,10,4,0, 0,0
2020-06-10,Ukhrul,13,2,0, 0,0
2020-06-10,Unknown,31,33,0, 0,0
2020-06-11,Bishnupur,41,1,0,1,0
2020-06-11,Chandel,4,0,0, 0,0
2020-06-11,Churachandpur,41,3,0, 0,0
2020-06-11,Imphal East,16,12,0,1,0
2020-06-11,Imphal West,56,5,0,14,0
2020-06-11,Kakching,26,0,0,4,0
2020-06-11,Kamjong,11,2,0, 0,0
2020-06-11,Kangpokpi,43,0,0, 0,0
2020-06-11,Noney,19,1,0,6,0
2020-06-11,Pherzawl,5,0,0, 0,0
2020-06-11,Senapati,19,0,0,12,0
2020-06-11,Tamenglong,18,1,0,13,0
2020-06-11,Tengnoupal,9,0,0, 0,0
2020-06-11,Thoubal,10,4,0, 0,0
2020-06-11,Ukhrul,17,2,0,4,0
2020-06-11,Unknown,31,42,0, 0,9
2020-06-12,Bishnupur,41,1,0, 0,0
2020-06-12,Chandel,4,0,0, 0,0
2020-06-12,Churachandpur,41,20,0, 0,17
2020-06-12,Imphal East,17,12,0,1,0
2020-06-12,Imphal West,58,5,0,2,0
2020-06-12,Kakching,35,0,0,9,0
2020-06-12,Kamjong,11,2,0, 0,0
2020-06-12,Kangpokpi,44,0,0,1,0
2020-06-12,Noney,20,1,0,1,0
2020-06-12,Pherzawl,5,0,0, 0,0
2020-06-12,Senapati,19,0,0, 0,0
2020-06-12,Tamenglong,19,1,0,1,0
2020-06-12,Tengnoupal,9,0,0, 0,0
2020-06-12,Thoubal,10,4,0, 0,0
2020-06-12,Ukhrul,21,2,0,4,0
2020-06-12,Unknown,31,25,0, 0,-17
2020-06-13,Bishnupur,41,1,0, 0,0
2020-06-13,Chandel,4,0,0, 0,0
2020-06-13,Churachandpur,105,18,0,64,-2
2020-06-13,Imphal East,17,12,0, 0,0
2020-06-13,Imphal West,58,5,0, 0,0
2020-06-13,Kakching,35,0,0, 0,0
2020-06-13,Kamjong,11,2,0, 0,0
2020-06-13,Kangpokpi,44,0,0, 0,0
2020-06-13,Noney,20,1,0, 0,0
2020-06-13,Pherzawl,5,0,0, 0,0
2020-06-13,Senapati,19,0,0, 0,0
2020-06-13,Tamenglong,19,1,0, 0,0
2020-06-13,Tengnoupal,9,0,0, 0,0
2020-06-13,Thoubal,10,4,0, 0,0
2020-06-13,Ukhrul,21,2,0, 0,0
2020-06-13,Unknown,31,27,0, 0,2
2020-06-14,Bishnupur,41,1,0, 0,0
2020-06-14,Chandel,4,0,0, 0,0
2020-06-14,Churachandpur,105,18,0, 0,0
2020-06-14,Imphal East,17,12,0, 0,0
2020-06-14,Imphal West,58,5,0, 0,0
2020-06-14,Kakching,35,0,0, 0,0
2020-06-14,Kamjong,11,2,0, 0,0
2020-06-14,Kangpokpi,44,0,0, 0,0
2020-06-14,Noney,20,1,0, 0,0
2020-06-14,Pherzawl,5,0,0, 0,0
2020-06-14,Senapati,19,0,0, 0,0
2020-06-14,Tamenglong,19,1,0, 0,0
2020-06-14,Tengnoupal,9,0,0, 0,0
2020-06-14,Thoubal,10,4,0, 0,0
2020-06-14,Ukhrul,21,2,0, 0,0
2020-06-14,Unknown,40,45,0,9,18
2020-06-15,Bishnupur,41,1,0, 0,0
2020-06-15,Chandel,4,0,0, 0,0
2020-06-15,Churachandpur,105,18,0, 0,0
2020-06-15,Imphal East,17,12,0, 0,0
2020-06-15,Imphal West,58,5,0, 0,0
2020-06-15,Kakching,35,0,0, 0,0
2020-06-15,Kamjong,11,2,0, 0,0
2020-06-15,Kangpokpi,44,0,0, 0,0
2020-06-15,Noney,20,1,0, 0,0
2020-06-15,Pherzawl,5,0,0, 0,0
2020-06-15,Senapati,19,0,0, 0,0
2020-06-15,Tamenglong,19,1,0, 0,0
2020-06-15,Tengnoupal,9,0,0, 0,0
2020-06-15,Thoubal,10,4,0, 0,0
2020-06-15,Ukhrul,21,2,0, 0,0
2020-06-15,Unknown,72,105,0,32,60
2020-06-16,Bishnupur,41,1,0, 0,0
2020-06-16,Chandel,4,0,0, 0,0
2020-06-16,Churachandpur,105,18,0, 0,0
2020-06-16,Imphal East,17,12,0, 0,0
2020-06-16,Imphal West,62,5,0,4,0
2020-06-16,Kakching,35,0,0, 0,0
2020-06-16,Kamjong,11,2,0, 0,0
2020-06-16,Kangpokpi,44,0,0, 0,0
2020-06-16,Noney,20,1,0, 0,0
2020-06-16,Pherzawl,5,0,0, 0,0
2020-06-16,Senapati,25,0,0,6,0
2020-06-16,Tamenglong,19,1,0, 0,0
2020-06-16,Tengnoupal,9,0,0, 0,0
2020-06-16,Thoubal,10,4,0, 0,0
2020-06-16,Ukhrul,21,2,0, 0,0
2020-06-16,Unknown,72,113,0, 0,8
2020-06-17,Bishnupur,51,1,0,10,0
2020-06-17,Chandel,8,0,0,4,0
2020-06-17,Churachandpur,106,18,0,1,0
2020-06-17,Imphal East,17,12,0, 0,0
2020-06-17,Imphal West,64,5,0,2,0
2020-06-17,Kakching,39,0,0,4,0
2020-06-17,Kamjong,12,2,0,1,0
2020-06-17,Kangpokpi,48,0,0,4,0
2020-06-17,Noney,20,1,0, 0,0
2020-06-17,Pherzawl,5,0,0, 0,0
2020-06-17,Senapati,25,0,0, 0,0
2020-06-17,Tamenglong,19,1,0, 0,0
2020-06-17,Tengnoupal,9,0,0, 0,0
2020-06-17,Thoubal,16,4,0,6,0
2020-06-17,Ukhrul,41,2,0,20,0
2020-06-17,Unknown,72,146,0, 0,33
2020-06-18,Bishnupur,51,1,0, 0,0
2020-06-18,Chandel,8,0,0, 0,0
2020-06-18,Churachandpur,113,18,0,7,0
2020-06-18,Imphal East,17,12,0, 0,0
2020-06-18,Imphal West,64,5,0, 0,0
2020-06-18,Kakching,39,0,0, 0,0
2020-06-18,Kamjong,12,2,0, 0,0
2020-06-18,Kangpokpi,48,0,0, 0,0
2020-06-18,Noney,20,1,0, 0,0
2020-06-18,Pherzawl,31,0,0,26,0
2020-06-18,Senapati,46,0,0,21,0
2020-06-18,Tamenglong,19,1,0, 0,0
2020-06-18,Tengnoupal,9,0,0, 0,0
2020-06-18,Thoubal,16,4,0, 0,0
2020-06-18,Ukhrul,41,2,0, 0,0
2020-06-18,Unknown,72,153,0, 0,7
2020-06-19,Bishnupur,61,6,0,10,5
2020-06-19,Chandel,14,4,0,6,4
2020-06-19,Churachandpur,94,42,0,-19,24
2020-06-19,Imphal East,28,9,0,11,-3
2020-06-19,Imphal West,62,31,0,-2,26
2020-06-19,Jiribam,2,2,0,2,2
2020-06-19,Kakching,42,13,0,3,13
2020-06-19,Kamjong,21,15,0,9,13
2020-06-19,Kangpokpi,56,14,0,8,14
2020-06-19,Noney,22,12,0,2,11
2020-06-19,Pherzawl,32,3,0,1,3
2020-06-19,Senapati,55,5,0,9,5
2020-06-19,Tamenglong,62,16,0,43,15
2020-06-19,Tengnoupal,13,13,0,4,13
2020-06-19,Thoubal,33,19,0,17,15
2020-06-19,Ukhrul,84,14,0,43,12
2020-06-19,Unknown,0,0,0,-72,-153
2020-06-20,Bishnupur,74,6,0,13,0
2020-06-20,Chandel,14,4,0, 0,0
2020-06-20,Churachandpur,94,42,0, 0,0
2020-06-20,Imphal East,30,9,0,2,0
2020-06-20,Imphal West,62,31,0, 0,0
2020-06-20,Jiribam,2,2,0, 0,0
2020-06-20,Kakching,47,13,0,5,0
2020-06-20,Kamjong,27,15,0,6,0
2020-06-20,Kangpokpi,78,14,0,22,0
2020-06-20,Noney,22,12,0, 0,0
2020-06-20,Pherzawl,32,3,0, 0,0
2020-06-20,Senapati,67,5,0,12,0
2020-06-20,Tamenglong,93,16,0,31,0
2020-06-20,Tengnoupal,14,13,0,1,0
2020-06-20,Thoubal,33,19,0, 0,0
2020-06-20,Ukhrul,88,14,0,4,0
2020-06-20,Unknown,0,14,0, 0,14
2020-06-21,Bishnupur,74,9,0, 0,3
2020-06-21,Chandel,15,4,0,1,0
2020-06-21,Churachandpur,94,44,0, 0,2
2020-06-21,Imphal East,32,16,0,2,7
2020-06-21,Imphal West,65,34,0,3,3
2020-06-21,Jiribam,2,2,0, 0,0
2020-06-21,Kakching,53,17,0,6,4
2020-06-21,Kamjong,47,15,0,20,0
2020-06-21,Kangpokpi,95,18,0,17,4
2020-06-21,Noney,22,12,0, 0,0
2020-06-21,Pherzawl,32,3,0, 0,0
2020-06-21,Senapati,68,9,0,1,4
2020-06-21,Tamenglong,101,18,0,8,2
2020-06-21,Tengnoupal,14,13,0, 0,0
2020-06-21,Thoubal,39,22,0,6,3
2020-06-21,Ukhrul,88,14,0, 0,0
2020-06-21,Unknown,0,0,0, 0,-14
2020-06-22,Bishnupur,77,9,0,3,0
2020-06-22,Chandel,36,4,0,21,0
2020-06-22,Churachandpur,102,44,0,8,0
2020-06-22,Imphal East,33,16,0,1,0
2020-06-22,Imphal West,65,34,0, 0,0
2020-06-22,Jiribam,2,2,0, 0,0
2020-06-22,Kakching,63,17,0,10,0
2020-06-22,Kamjong,50,15,0,3,0
2020-06-22,Kangpokpi,97,18,0,2,0
2020-06-22,Noney,22,12,0, 0,0
2020-06-22,Pherzawl,32,3,0, 0,0
2020-06-22,Senapati,72,9,0,4,0
2020-06-22,Tamenglong,105,18,0,4,0
2020-06-22,Tengnoupal,14,13,0, 0,0
2020-06-22,Thoubal,40,22,0,1,0
2020-06-22,Ukhrul,88,14,0, 0,0
2020-06-23,Bishnupur,77,9,0, 0,0
2020-06-23,Chandel,38,4,0,2,0
2020-06-23,Churachandpur,103,44,0,1,0
2020-06-23,Imphal East,33,16,0, 0,0
2020-06-23,Imphal West,71,39,0,6,5
2020-06-23,Jiribam,2,2,0, 0,0
2020-06-23,Kakching,64,18,0,1,1
2020-06-23,Kamjong,50,15,0, 0,0
2020-06-23,Kangpokpi,99,18,0,2,0
2020-06-23,Noney,22,14,0, 0,2
2020-06-23,Pherzawl,32,3,0, 0,0
2020-06-23,Senapati,83,9,0,11,0
2020-06-23,Tamenglong,105,18,0, 0,0
2020-06-23,Tengnoupal,14,13,0, 0,0
2020-06-23,Thoubal,40,22,0, 0,0
2020-06-23,Ukhrul,88,14,0, 0,0
2020-06-24,Bishnupur,77,56,0, 0,47
2020-06-24,Chandel,38,4,0, 0,0
2020-06-24,Churachandpur,114,47,0,11,3
2020-06-24,Imphal East,35,16,0,2,0
2020-06-24,Imphal West,74,49,0,3,10
2020-06-24,Jiribam,3,2,0,1,0
2020-06-24,Kakching,69,25,0,5,7
2020-06-24,Kamjong,55,17,0,5,2
2020-06-24,Kangpokpi,101,18,0,2,0
2020-06-24,Noney,23,14,0,1,0
2020-06-24,Pherzawl,32,3,0, 0,0
2020-06-24,Senapati,88,9,0,5,0
2020-06-24,Tamenglong,107,18,0,2,0
2020-06-24,Tengnoupal,14,13,0, 0,0
2020-06-24,Thoubal,41,23,0,1,1
2020-06-24,Ukhrul,99,14,0,11,0
2020-06-25,Bishnupur,79,57,0,2,1
2020-06-25,Chandel,38,4,0, 0,0
2020-06-25,Churachandpur,116,55,0,2,8
2020-06-25,Imphal East,36,16,0,1,0
2020-06-25,Imphal West,77,52,0,3,3
2020-06-25,Jiribam,3,2,0, 0,0
2020-06-25,Kakching,73,25,0,4,0
2020-06-25,Kamjong,57,17,0,2,0
2020-06-25,Kangpokpi,102,18,0,1,0
2020-06-25,Noney,23,17,0, 0,3
2020-06-25,Pherzawl,32,3,0, 0,0
2020-06-25,Senapati,90,10,0,2,1
2020-06-25,Tamenglong,162,25,0,55,7
2020-06-25,Tengnoupal,14,13,0, 0,0
2020-06-25,Thoubal,43,23,0,2,0
2020-06-25,Ukhrul,111,17,0,12,3
2020-06-26,Bishnupur,79,57,0, 0,0
2020-06-26,Chandel,38,4,0, 0,0
2020-06-26,Churachandpur,119,55,0,3,0
2020-06-26,Imphal East,36,16,0, 0,0
2020-06-26,Imphal West,77,52,0, 0,0
2020-06-26,Jiribam,3,2,0, 0,0
2020-06-26,Kakching,73,25,0, 0,0
2020-06-26,Kamjong,58,17,0,1,0
2020-06-26,Kangpokpi,102,18,0, 0,0
2020-06-26,Noney,23,17,0, 0,0
2020-06-26,Pherzawl,32,3,0, 0,0
2020-06-26,Senapati,91,10,0,1,0
2020-06-26,Tamenglong,162,25,0, 0,0
2020-06-26,Tengnoupal,14,13,0, 0,0
2020-06-26,Thoubal,52,23,0,9,0
2020-06-26,Ukhrul,116,17,0,5,0
2020-06-26,Unknown,0,39,0, 0,39
2020-06-27,Bishnupur,79,57,0, 0,0
2020-06-27,Chandel,38,4,0, 0,0
2020-06-27,Churachandpur,119,55,0, 0,0
2020-06-27,Imphal East,36,16,0, 0,0
2020-06-27,Imphal West,88,52,0,11,0
2020-06-27,Jiribam,3,2,0, 0,0
2020-06-27,Kakching,74,25,0,1,0
2020-06-27,Kamjong,58,17,0, 0,0
2020-06-27,Kangpokpi,102,18,0, 0,0
2020-06-27,Noney,23,17,0, 0,0
2020-06-27,Pherzawl,32,3,0, 0,0
2020-06-27,Senapati,91,10,0, 0,0
2020-06-27,Tamenglong,162,25,0, 0,0
2020-06-27,Tengnoupal,14,13,0, 0,0
2020-06-27,Thoubal,53,23,0,1,0
2020-06-27,Ukhrul,120,17,0,4,0
2020-06-27,Unknown,0,78,0, 0,39
2020-06-28,Bishnupur,79,57,0, 0,0
2020-06-28,Chandel,38,4,0, 0,0
2020-06-28,Churachandpur,129,55,0,10,0
2020-06-28,Imphal East,38,16,0,2,0
2020-06-28,Imphal West,89,52,0,1,0
2020-06-28,Jiribam,3,2,0, 0,0
2020-06-28,Kakching,87,25,0,13,0
2020-06-28,Kamjong,79,17,0,21,0
2020-06-28,Kangpokpi,102,18,0, 0,0
2020-06-28,Noney,24,17,0,1,0
2020-06-28,Pherzawl,32,3,0, 0,0
2020-06-28,Senapati,97,10,0,6,0
2020-06-28,Tamenglong,176,25,0,14,0
2020-06-28,Tengnoupal,14,13,0, 0,0
2020-06-28,Thoubal,53,23,0, 0,0
2020-06-28,Ukhrul,145,17,0,25,0
2020-06-28,Unknown,0,101,0, 0,23
2020-06-29,Bishnupur,79,58,0, 0,1
2020-06-29,Chandel,38,4,0, 0,0
2020-06-29,Churachandpur,129,58,0, 0,3
2020-06-29,Imphal East,38,16,0, 0,0
2020-06-29,Imphal West,89,52,0, 0,0
2020-06-29,Jiribam,3,2,0, 0,0
2020-06-29,Kakching,87,27,0, 0,2
2020-06-29,Kamjong,81,17,0,2,0
2020-06-29,Kangpokpi,135,19,0,33,1
2020-06-29,Noney,24,18,0, 0,1
2020-06-29,Pherzawl,32,15,0, 0,12
2020-06-29,Senapati,99,21,0,2,11
2020-06-29,Tamenglong,176,32,0, 0,7
2020-06-29,Tengnoupal,14,13,0, 0,0
2020-06-29,Thoubal,53,23,0, 0,0
2020-06-29,Ukhrul,150,18,0,5,1
2020-06-29,Unknown,0,101,0, 0,0
2020-06-30,Bishnupur,80,58,0,1,0
2020-06-30,Chandel,38,4,0, 0,0
2020-06-30,Churachandpur,129,58,0, 0,0
2020-06-30,Imphal East,39,16,0,1,0
2020-06-30,Imphal West,89,52,0, 0,0
2020-06-30,Jiribam,3,2,0, 0,0
2020-06-30,Kakching,87,27,0, 0,0
2020-06-30,Kamjong,81,17,0, 0,0
2020-06-30,Kangpokpi,136,19,0,1,0
2020-06-30,Noney,24,18,0, 0,0
2020-06-30,Pherzawl,32,15,0, 0,0
2020-06-30,Senapati,103,21,0,4,0
2020-06-30,Tamenglong,176,32,0, 0,0
2020-06-30,Tengnoupal,14,13,0, 0,0
2020-06-30,Thoubal,53,23,0, 0,0
2020-06-30,Ukhrul,150,18,0, 0,0
2020-06-30,Unknown,0,160,0, 0,59
2020-07-01,Bishnupur,80,58,0, 0,0
2020-07-01,Chandel,38,4,0, 0,0
2020-07-01,Churachandpur,129,58,0, 0,0
2020-07-01,Imphal East,39,16,0, 0,0
2020-07-01,Imphal West,90,52,0,1,0
2020-07-01,Jiribam,4,2,0,1,0
2020-07-01,Kakching,87,27,0, 0,0
2020-07-01,Kamjong,87,17,0,6,0
2020-07-01,Kangpokpi,136,19,0, 0,0
2020-07-01,Noney,24,18,0, 0,0
2020-07-01,Pherzawl,32,15,0, 0,0
2020-07-01,Senapati,114,21,0,11,0
2020-07-01,Tamenglong,178,32,0,2,0
2020-07-01,Tengnoupal,14,13,0, 0,0
2020-07-01,Thoubal,55,23,0,2,0
2020-07-01,Ukhrul,153,19,0,3,1
2020-07-01,Unknown,0,185,0, 0,25
2020-07-02,Bishnupur,80,58,0, 0,0
2020-07-02,Chandel,38,4,0, 0,0
2020-07-02,Churachandpur,139,58,0,10,0
2020-07-02,Imphal East,39,16,0, 0,0
2020-07-02,Imphal West,91,71,0,1,19
2020-07-02,Jiribam,4,2,0, 0,0
2020-07-02,Kakching,89,44,0,2,17
2020-07-02,Kamjong,89,17,0,2,0
2020-07-02,Kangpokpi,137,19,0,1,0
2020-07-02,Noney,24,18,0, 0,0
2020-07-02,Pherzawl,32,15,0, 0,0
2020-07-02,Senapati,114,21,0, 0,0
2020-07-02,Tamenglong,178,32,0, 0,0
2020-07-02,Tengnoupal,14,13,0, 0,0
2020-07-02,Thoubal,56,23,0,1,0
2020-07-02,Ukhrul,155,19,0,2,0
2020-07-02,Unknown,0,186,0, 0,1
2020-07-03,Bishnupur,80,58,0, 0,0
2020-07-03,Chandel,38,6,0, 0,2
2020-07-03,Churachandpur,139,58,0, 0,0
2020-07-03,Imphal East,39,16,0, 0,0
2020-07-03,Imphal West,91,82,0, 0,11
2020-07-03,Jiribam,32,2,0,28,0
2020-07-03,Kakching,89,44,0, 0,0
2020-07-03,Kamjong,89,17,0, 0,0
2020-07-03,Kangpokpi,137,19,0, 0,0
2020-07-03,Noney,24,18,0, 0,0
2020-07-03,Pherzawl,32,15,0, 0,0
2020-07-03,Senapati,114,21,0, 0,0
2020-07-03,Tamenglong,178,32,0, 0,0
2020-07-03,Tengnoupal,14,13,0, 0,0
2020-07-03,Thoubal,59,23,0,3,0
2020-07-03,Ukhrul,161,26,0,6,7
2020-07-03,Unknown,0,189,0, 0,3
2020-07-04,Bishnupur,81,58,0,1,0
2020-07-04,Chandel,38,6,0, 0,0
2020-07-04,Churachandpur,139,58,0, 0,0
2020-07-04,Imphal East,41,16,0,2,0
2020-07-04,Imphal West,91,98,0, 0,16
2020-07-04,Jiribam,32,2,0, 0,0
2020-07-04,Kakching,89,44,0, 0,0
2020-07-04,Kamjong,89,17,0, 0,0
2020-07-04,Kangpokpi,137,19,0, 0,0
2020-07-04,Noney,24,18,0, 0,0
2020-07-04,Pherzawl,32,15,0, 0,0
2020-07-04,Senapati,120,29,0,6,8
2020-07-04,Tamenglong,178,32,0, 0,0
2020-07-04,Tengnoupal,14,13,0, 0,0
2020-07-04,Thoubal,59,27,0, 0,4
2020-07-04,Ukhrul,161,26,0, 0,0
2020-07-04,Unknown,0,189,0, 0,0
2020-07-05,Bishnupur,81,57,0, 0,0
2020-07-05,Chandel,38,4,0, 0,0
2020-07-05,Churachandpur,140,55,0,1,0
2020-07-05,Imphal East,42,16,0,1,0
2020-07-05,Imphal West,97,52,0,6,0
2020-07-05,Jiribam,32,2,0, 0,0
2020-07-05,Kakching,93,25,0,4,0
2020-07-05,Kamjong,95,17,0,6,0
2020-07-05,Kangpokpi,155,18,0,18,0
2020-07-05,Noney,25,17,0,1,0
2020-07-05,Pherzawl,32,3,0, 0,0
2020-07-05,Senapati,120,10,0, 0,0
2020-07-05,Tamenglong,180,25,0,2,0
2020-07-05,Tengnoupal,14,13,0, 0,0
2020-07-05,Thoubal,59,23,0, 0,0
2020-07-05,Ukhrul,163,17,0,2,0
2020-07-05,Unknown,0,335,0, 0,22
2020-07-06,Bishnupur,81,57,0, 0,0
2020-07-06,Chandel,38,4,0, 0,0
2020-07-06,Churachandpur,140,55,0, 0,0
2020-07-06,Imphal East,45,16,0,3,0
2020-07-06,Imphal West,97,52,0, 0,0
2020-07-06,Jiribam,41,2,0,9,0
2020-07-06,Kakching,93,25,0, 0,0
2020-07-06,Kamjong,95,17,0, 0,0
2020-07-06,Kangpokpi,155,18,0, 0,0
2020-07-06,Noney,25,17,0, 0,0
2020-07-06,Pherzawl,32,3,0, 0,0
2020-07-06,Senapati,132,10,0,12,0
2020-07-06,Tamenglong,180,25,0, 0,0
2020-07-06,Tengnoupal,14,13,0, 0,0
2020-07-06,Thoubal,59,23,0, 0,0
2020-07-06,Ukhrul,163,17,0, 0,0
2020-07-06,Unknown,0,380,0, 0,45
2020-07-07,Bishnupur,81,57,0, 0,0
2020-07-07,Chandel,38,4,0, 0,0
2020-07-07,Churachandpur,141,55,0,1,0
2020-07-07,Imphal East,46,16,0,1,0
2020-07-07,Imphal West,97,52,0, 0,0
2020-07-07,Jiribam,46,2,0,5,0
2020-07-07,Kakching,95,25,0,2,0
2020-07-07,Kamjong,95,17,0, 0,0
2020-07-07,Kangpokpi,160,18,0,5,0
2020-07-07,Noney,25,17,0, 0,0
2020-07-07,Pherzawl,32,3,0, 0,0
2020-07-07,Senapati,158,10,0,26,0
2020-07-07,Tamenglong,180,25,0, 0,0
2020-07-07,Tengnoupal,14,13,0, 0,0
2020-07-07,Thoubal,59,23,0, 0,0
2020-07-07,Ukhrul,163,17,0, 0,0
2020-07-07,Unknown,0,417,0, 0,37
2020-07-08,Imphal West,97,52,0, 0,0
2020-07-08,Kamjong,95,17,0, 0,0
2020-07-08,Senapati,163,21,0,5,0
2020-07-08,Tamenglong,180,32,0, 0,0
2020-07-08,Unknown,0,400,0, 0,22
2020-07-08,Kangpokpi,160,19,0, 0,0
2020-07-08,Noney,25,18,0, 0,0
2020-07-08,Imphal East,46,16,0, 0,0
2020-07-08,Thoubal,59,23,0, 0,0
2020-07-08,Jiribam,46,2,0, 0,0
2020-07-08,Ukhrul,163,18,0, 0,0
2020-07-08,Chandel,38,4,0, 0,0
2020-07-08,Tengnoupal,14,13,0, 0,0
2020-07-08,Kakching,95,27,0, 0,0
2020-07-08,Bishnupur,81,58,0, 0,0
2020-07-08,Churachandpur,141,58,0, 0,0
2020-07-08,Pherzawl,32,15,0, 0,0
2020-07-09,Imphal West,97,52,0, 0,0
2020-07-09,Kamjong,95,17,0, 0,0
2020-07-09,Senapati,163,21,0, 0,0
2020-07-09,Tamenglong,181,32,0,1,0
2020-07-09,Unknown,0,406,0, 0,6
2020-07-09,Kangpokpi,160,19,0, 0,0
2020-07-09,Noney,25,18,0, 0,0
2020-07-09,Imphal East,47,16,0,1,0
2020-07-09,Thoubal,59,23,0, 0,0
2020-07-09,Jiribam,50,2,0,4,0
2020-07-09,Ukhrul,163,18,0, 0,0
2020-07-09,Chandel,38,4,0, 0,0
2020-07-09,Tengnoupal,14,13,0, 0,0
2020-07-09,Kakching,95,27,0, 0,0
2020-07-09,Bishnupur,82,58,0,1,0
2020-07-09,Churachandpur,149,58,0,8,0
2020-07-09,Pherzawl,32,15,0, 0,0
2020-07-10,Imphal West,121,52,0,24,0
2020-07-10,Kamjong,123,17,0,28,0
2020-07-10,Senapati,167,21,0,4,0
2020-07-10,Tamenglong,191,32,0,10,0
2020-07-10,Unknown,0,439,0, 0,33
2020-07-10,Kangpokpi,160,19,0, 0,0
2020-07-10,Noney,25,18,0, 0,0
2020-07-10,Imphal East,48,16,0,1,0
2020-07-10,Thoubal,67,23,0,8,0
2020-07-10,Jiribam,59,2,0,9,0
2020-07-10,Ukhrul,200,18,0,37,0
2020-07-10,Chandel,38,4,0, 0,0
2020-07-10,Tengnoupal,14,13,0, 0,0
2020-07-10,Kakching,106,27,0,11,0
2020-07-10,Bishnupur,82,58,0, 0,0
2020-07-10,Churachandpur,149,58,0, 0,0
2020-07-10,Pherzawl,32,15,0, 0,0
2020-07-11,Imphal West,122,52,0,1,0
2020-07-11,Kamjong,123,17,0, 0,0
2020-07-11,Senapati,167,21,0, 0,0
2020-07-11,Tamenglong,191,32,0, 0,0
2020-07-11,Unknown,0,450,0, 0,11
2020-07-11,Kangpokpi,160,19,0, 0,0
2020-07-11,Noney,25,18,0, 0,0
2020-07-11,Imphal East,48,16,0, 0,0
2020-07-11,Thoubal,67,23,0, 0,0
2020-07-11,Jiribam,66,2,0,7,0
2020-07-11,Ukhrul,203,18,0,3,0
2020-07-11,Chandel,38,4,0, 0,0
2020-07-11,Tengnoupal,14,13,0, 0,0
2020-07-11,Kakching,106,27,0, 0,0
2020-07-11,Bishnupur,82,58,0, 0,0
2020-07-11,Churachandpur,149,58,0, 0,0
2020-07-11,Pherzawl,32,15,0, 0,0
2020-07-12,Imphal West,122,52,0, 0,0
2020-07-12,Kamjong,123,17,0, 0,0
2020-07-12,Senapati,172,21,0,5,0
2020-07-12,Tamenglong,191,32,0, 0,0
2020-07-12,Unknown,0,503,0, 0,53
2020-07-12,Kangpokpi,166,19,0,6,0
2020-07-12,Noney,25,18,0, 0,0
2020-07-12,Imphal East,51,16,0,3,0
2020-07-12,Thoubal,67,23,0, 0,0
2020-07-12,Jiribam,66,2,0, 0,0
2020-07-12,Ukhrul,203,18,0, 0,0
2020-07-12,Chandel,39,4,0,1,0
2020-07-12,Tengnoupal,14,13,0, 0,0
2020-07-12,Kakching,107,27,0,1,0
2020-07-12,Bishnupur,82,58,0, 0,0
2020-07-12,Churachandpur,149,58,0, 0,0
2020-07-12,Pherzawl,32,15,0, 0,0
2020-07-13,Imphal West,122,52,0, 0,0
2020-07-13,Kamjong,123,17,0, 0,0
2020-07-13,Senapati,181,21,0,9,0
2020-07-13,Tamenglong,191,32,0, 0,0
2020-07-13,Unknown,0,577,0, 0,74
2020-07-13,Kangpokpi,166,19,0, 0,0
2020-07-13,Noney,25,18,0, 0,0
2020-07-13,Imphal East,56,16,0,5,0
2020-07-13,Thoubal,67,23,0, 0,0
2020-07-13,Jiribam,66,2,0, 0,0
2020-07-13,Ukhrul,203,18,0, 0,0
2020-07-13,Chandel,39,4,0, 0,0
2020-07-13,Tengnoupal,14,13,0, 0,0
2020-07-13,Kakching,107,27,0, 0,0
2020-07-13,Bishnupur,82,58,0, 0,0
2020-07-13,Churachandpur,152,58,0,3,0
2020-07-13,Pherzawl,32,15,0, 0,0
2020-07-14,Imphal West,128,52,0,6,0
2020-07-14,Kamjong,123,17,0, 0,0
2020-07-14,Senapati,181,21,0, 0,0
2020-07-14,Tamenglong,202,32,0,11,0
2020-07-14,Unknown,0,627,0, 0,50
2020-07-14,Kangpokpi,171,19,0,5,0
2020-07-14,Noney,25,18,0, 0,0
2020-07-14,Imphal East,60,16,0,4,0
2020-07-14,Thoubal,70,23,0,3,0
2020-07-14,Jiribam,70,2,0,4,0
2020-07-14,Ukhrul,213,18,0,10,0
2020-07-14,Chandel,39,4,0, 0,0
2020-07-14,Tengnoupal,14,13,0, 0,0
2020-07-14,Kakching,107,27,0, 0,0
2020-07-14,Bishnupur,82,58,0, 0,0
2020-07-14,Churachandpur,155,58,0,3,0
2020-07-14,Pherzawl,32,15,0, 0,0
2020-07-15,Imphal West,138,52,0,10,0
2020-07-15,Kamjong,127,17,0,4,0
2020-07-15,Senapati,181,21,0, 0,0
2020-07-15,Tamenglong,203,32,0,1,0
2020-07-15,Unknown,0,687,0, 0,60
2020-07-15,Kangpokpi,171,19,0, 0,0
2020-07-15,Noney,25,18,0, 0,0
2020-07-15,Imphal East,60,16,0, 0,0
2020-07-15,Thoubal,81,23,0,11,0
2020-07-15,Jiribam,71,2,0,1,0
2020-07-15,Ukhrul,213,18,0, 0,0
2020-07-15,Chandel,39,4,0, 0,0
2020-07-15,Tengnoupal,14,13,0, 0,0
2020-07-15,Kakching,108,27,0,1,0
2020-07-15,Bishnupur,82,58,0, 0,0
2020-07-15,Churachandpur,155,58,0, 0,0
2020-07-15,Pherzawl,32,15,0, 0,0
2020-07-16,Imphal West,171,52,0,33,0
2020-07-16,Kamjong,128,17,0,1,0
2020-07-16,Senapati,192,21,0,11,0
2020-07-16,Tamenglong,206,32,0,3,0
2020-07-16,Unknown,0,736,0, 0,49
2020-07-16,Kangpokpi,171,19,0, 0,0
2020-07-16,Noney,25,18,0, 0,0
2020-07-16,Imphal East,60,16,0, 0,0
2020-07-16,Thoubal,82,23,0,1,0
2020-07-16,Jiribam,71,2,0, 0,0
2020-07-16,Ukhrul,222,18,0,9,0
2020-07-16,Chandel,39,4,0, 0,0
2020-07-16,Tengnoupal,14,13,0, 0,0
2020-07-16,Kakching,109,27,0,1,0
2020-07-16,Bishnupur,82,58,0, 0,0
2020-07-16,Churachandpur,160,58,0,5,0
2020-07-16,Pherzawl,32,15,0, 0,0
